topic_bucket,symbol,timing_regime,event_count,median_ret_60m,median_abs_ret_60m,mean_abs_ret_60m_slot_percentile,median_peak_abs_ret_24h,reversion_rate_5d,median_reversion_minutes_after_first_trade,median_reversion_minutes_from_event
tariffs_trade,GLD,immediate,95,0.0004220744961485057,0.0014781774331578124,0.559555760294317,0.009100130415881758,0.6421052631578947,1485.0,1487.0
tariffs_trade,QQQ,immediate,95,-0.0004913573747477029,0.0020180194871376456,0.6006950389907766,0.01080429678572159,0.6842105263157895,2410.0,2410.0
tariffs_trade,SLV,immediate,95,0.0,0.0023809523809523725,0.4953774152234834,0.01790222630250171,0.6526315789473685,1537.5,1538.0
tariffs_trade,SPY,immediate,95,-0.00040813351796509245,0.0016038874420376548,0.6110370772698545,0.0077848674972894605,0.6736842105263158,2415.0,2415.5
tariffs_trade,UNG,immediate,95,0.0,0.004580152671755711,0.5455266081322999,0.0337674867342016,0.8105263157894737,2555.0,2555.0
tariffs_trade,USO,immediate,95,-0.000135281385281405,0.002971768202080227,0.5478845536425968,0.015155615696887725,0.631578947368421,1745.0,1747.0
tariffs_trade,GLD,delayed,38,0.0015548876650254284,0.005540163146018906,1.0,0.013149688313567942,0.5263157894736842,1442.5,2680.0
tariffs_trade,QQQ,delayed,38,0.0013943399402552847,0.004044493318416942,0.9836065573770492,0.011122883915839321,0.7368421052631579,1615.0,2783.0
tariffs_trade,SLV,delayed,38,0.005262600408026952,0.009629936979488662,1.0,0.020277107495913382,0.6842105263157895,1440.0,2741.5
tariffs_trade,SPY,delayed,38,0.00046743782207414597,0.002903471100691335,0.9836065573770492,0.009088204670534061,0.6842105263157895,1665.0,2939.5
tariffs_trade,UNG,delayed,38,-0.003164888966602608,0.012648624490729843,0.7540983606557377,0.03490920225796146,0.6052631578947368,630.0,2560.0
tariffs_trade,USO,delayed,38,-0.002021207930612834,0.007874873092712176,1.0,0.019264009857193287,0.7631578947368421,1440.0,2183.0
war_geopolitics,GLD,immediate,162,6.441423983405414e-05,0.001332795136046061,0.5183378564208975,0.008661722905076386,0.6851851851851852,1465.0,1465.0
war_geopolitics,QQQ,immediate,162,1.7260669904262116e-05,0.0015332087609912226,0.5292276412406964,0.01013780602879566,0.6666666666666666,1582.5,1583.5
war_geopolitics,SLV,immediate,162,-0.0003247282542790386,0.002979674667850374,0.5304857517994555,0.01906389684245602,0.6728395061728395,1880.0,1883.0
war_geopolitics,SPY,immediate,162,0.0001120486493025874,0.0013033429239512895,0.544824168902836,0.007697739549032245,0.6666666666666666,1460.0,1460.0
war_geopolitics,UNG,immediate,162,-0.00026881720430110834,0.003845770286533212,0.4958337830564513,0.02857604243973494,0.6604938271604939,2380.0,2383.0
war_geopolitics,USO,immediate,162,0.0,0.0034702441842748843,0.5821125543832939,0.02029600302978779,0.6481481481481481,1460.0,1461.0
war_geopolitics,GLD,delayed,107,0.0002603742880389337,0.006273181006456241,0.9028157463094588,0.01556973218797375,0.5607476635514018,1440.0,2842.5
war_geopolitics,QQQ,delayed,107,0.002354458958232497,0.0061520887728461204,0.8685073810825588,0.011357525786634737,0.7009345794392523,1615.0,3073.0
war_geopolitics,SLV,delayed,107,0.004283965728274275,0.010897994768962471,0.7556041552761072,0.027172089902717134,0.6822429906542056,1440.0,2515.0
war_geopolitics,SPY,delayed,107,0.0012470534560109492,0.004016803628512644,0.8350191361399673,0.009161599530508768,0.6355140186915887,570.0,2793.5
war_geopolitics,UNG,delayed,107,0.0014695077149156077,0.010682004930156141,0.9834609075997813,0.041189931350114506,0.45794392523364486,1650.0,3647.0
war_geopolitics,USO,delayed,107,0.004055698256049789,0.011279127416956025,0.6846637506834335,0.028973734091524372,0.7009345794392523,1805.0,2850.0
oil_gas_energy,GLD,immediate,24,-1.6440878600532116e-05,0.0009560991704063437,0.43621450578488163,0.01039089184910047,0.4583333333333333,1355.0,1359.0
oil_gas_energy,QQQ,immediate,24,-1.6025127399732497e-05,0.0010313559348025247,0.5277493852581109,0.013128606968838774,0.6666666666666666,1665.0,1668.0
oil_gas_energy,SLV,immediate,24,0.0007877101820874532,0.0015431483169972005,0.4939320033296631,0.022626571984163957,0.5833333333333334,2167.5,2168.5
oil_gas_energy,SPY,immediate,24,-0.0002319576092472131,0.0013682420137902662,0.6025128457645275,0.008119542483833397,0.6666666666666666,4185.0,4186.0
oil_gas_energy,UNG,immediate,24,-0.001988270934722536,0.005097838507810315,0.6122386648527667,0.03934829026732245,0.6666666666666666,1420.0,1423.0
oil_gas_energy,USO,immediate,24,8.409437404172104e-05,0.003890474203133154,0.5997004460603431,0.016590454309762526,0.625,1430.0,1434.0
oil_gas_energy,GLD,delayed,7,0.00324366829396161,0.004746504106656557,0.8709677419354839,0.008487430212669844,0.7142857142857143,1460.0,3565.0
oil_gas_energy,QQQ,delayed,7,0.00521838960496801,0.007267441860465018,0.9596774193548387,0.01007149193758794,0.42857142857142855,1615.0,5255.0
oil_gas_energy,SLV,delayed,7,0.003223207091055613,0.00881325026591706,0.9112903225806452,0.011548396900167068,1.0,850.0,3955.0
oil_gas_energy,SPY,delayed,7,0.0038082853427454655,0.003948652274667674,0.9193548387096774,0.00594464053501742,0.42857142857142855,1615.0,5255.0
oil_gas_energy,UNG,delayed,7,0.0017559262510973284,0.00742804085422466,0.24193548387096775,0.025622254758418617,0.8571428571428571,422.5,3550.0
oil_gas_energy,USO,delayed,7,-0.0009624639076034613,0.014733969986357454,0.9919354838709677,0.02485411713853458,0.5714285714285714,335.0,4184.0
fed_inflation_rates,GLD,immediate,46,7.08678678885688e-05,0.001696297825338866,0.53425854309824,0.012101577916543982,0.5869565217391305,1415.0,1419.0
fed_inflation_rates,QQQ,immediate,46,-0.00033814707821178125,0.001322994577975023,0.5054740329035899,0.010731276903774067,0.6956521739130435,2762.5,2763.5
fed_inflation_rates,SLV,immediate,46,-0.00030451011564247565,0.003971382913854293,0.536796177069056,0.019041624146925007,0.4782608695652174,1275.0,1275.5
fed_inflation_rates,SPY,immediate,46,-0.00021285608423782243,0.0011246996100329198,0.5248063966323293,0.008121306934010752,0.7608695652173914,2640.0,2641.0
fed_inflation_rates,UNG,immediate,46,-0.0012093949741703858,0.00524077376869253,0.5854926489398309,0.030990809181093093,0.7391304347826086,1532.5,1536.0
fed_inflation_rates,USO,immediate,46,0.0003267178524347658,0.001978428441774205,0.4758454624212682,0.016416903690383733,0.6739130434782609,1305.0,1305.0
fed_inflation_rates,GLD,delayed,12,-0.0022690804532345954,0.006786966451156395,0.861384335154827,0.01770141772628242,0.4166666666666667,4510.0,5586.0
fed_inflation_rates,QQQ,delayed,12,-0.0031193284936480437,0.0031193284936480437,0.7414389799635702,0.010505023674175662,0.5833333333333334,430.0,1894.0
fed_inflation_rates,SLV,delayed,12,0.001941180162431777,0.02035928143712573,0.9336065573770492,0.03921119275931051,0.25,905.0,1302.0
fed_inflation_rates,SPY,delayed,12,-0.0031856187944933056,0.0031856187944933056,0.9448998178506375,0.008116431753446118,0.5833333333333334,4680.0,5178.0
fed_inflation_rates,UNG,delayed,12,0.02160664819944591,0.02160664819944591,0.9395264116575591,0.037673130193905835,0.4166666666666667,3210.0,3629.0
fed_inflation_rates,USO,delayed,12,0.007760397720383283,0.007760397720383283,0.7896838628013955,0.02512804638244004,0.6666666666666666,1447.5,1968.0
immigration_border,GLD,immediate,84,0.000406299323248982,0.0015956569853776692,0.5464263661962788,0.010398594557935958,0.7142857142857143,1685.0,1685.5
immigration_border,QQQ,immediate,84,0.0006793915444426313,0.0014104259057358126,0.5529804474096726,0.010096667888863708,0.6904761904761905,2400.0,2403.5
immigration_border,SLV,immediate,84,0.0011449988976262038,0.002073471458095222,0.49836308555102393,0.012845456666536359,0.7619047619047619,1737.5,1740.0
immigration_border,SPY,immediate,84,0.0005230234706466996,0.0012514294990362274,0.5448222111910335,0.008052859004487156,0.6785714285714286,1555.0,1557.0
immigration_border,UNG,immediate,84,0.0002992220227407971,0.0034367147159364286,0.4980351811103339,0.026799691114171964,0.7976190476190477,1690.0,1691.0
immigration_border,USO,immediate,84,0.000600192833038804,0.00221740989036584,0.5209651884388693,0.016607211630029595,0.7261904761904762,2620.0,2621.0
immigration_border,GLD,delayed,43,0.00208222912092082,0.006812164211716931,0.9672131147540983,0.017055798652144682,0.46511627906976744,1442.5,2746.0
immigration_border,QQQ,delayed,43,-0.00010961707103196439,0.003934529430280165,0.9016393442622951,0.010974973462154147,0.7441860465116279,1712.5,3271.5
immigration_border,SLV,delayed,43,0.005171889260724205,0.00916590284142993,0.9836065573770492,0.023658395845354896,0.5581395348837209,1475.0,3463.5
immigration_border,SPY,delayed,43,0.000524804291732961,0.00300815771583951,1.0,0.008944480708501734,0.627906976744186,1860.0,3957.0
immigration_border,UNG,delayed,43,-0.0049365303244005565,0.020757020757020683,0.9836065573770492,0.05352986811481775,0.4418604651162791,2900.0,3640.0
immigration_border,USO,delayed,43,-0.0019572207465399227,0.007642393655371338,0.9672131147540983,0.01980198019801982,0.6744186046511628,1665.0,3994.0
domestic_politics_attacks,GLD,immediate,96,0.0002506478331472106,0.0008820828170918449,0.4289265305988325,0.009249458605730565,0.625,1635.0,1636.0
domestic_politics_attacks,QQQ,immediate,96,0.0003780336243537352,0.001335916756015909,0.49605036249132944,0.010999389311446284,0.6354166666666666,2400.0,2401.0
domestic_politics_attacks,SLV,immediate,96,0.0005821623293271738,0.0020186157348418554,0.48237563783901355,0.018716106298704127,0.625,1897.5,1899.5
domestic_politics_attacks,SPY,immediate,96,0.0001849993789115878,0.0009018701010133356,0.4859093295743984,0.007765358505226083,0.6041666666666666,2525.0,2526.0
domestic_politics_attacks,UNG,immediate,96,-0.0008351129315324335,0.004599298617532277,0.524782245024504,0.026888340916336517,0.75,1522.5,1524.5
domestic_politics_attacks,USO,immediate,96,-0.0002634902275517881,0.002565304749601316,0.5205443402743305,0.014755381644055598,0.71875,2245.0,2249.0
domestic_politics_attacks,GLD,delayed,109,0.0019782922525797275,0.005417031785230675,1.0,0.013356766256590547,0.5963302752293578,1540.0,2375.0
domestic_politics_attacks,QQQ,delayed,109,0.001415979889903607,0.004886117342864704,0.9533898305084746,0.013992927487737172,0.7247706422018348,1785.0,3407.0
domestic_politics_attacks,SLV,delayed,109,0.0028985507246377384,0.00881325026591706,0.9554401312192455,0.023658395845354896,0.7247706422018348,1440.0,2333.0
domestic_politics_attacks,SPY,delayed,109,0.0007180539273152764,0.0032944044540348383,0.8050847457627119,0.00993497371431884,0.6880733944954128,1920.0,2687.0
domestic_politics_attacks,UNG,delayed,109,-0.006926952141057985,0.014705882352941124,0.9269431921053339,0.04471032745591941,0.5504587155963303,1695.0,2641.5
domestic_politics_attacks,USO,delayed,109,-0.0008003201280512018,0.007642393655371338,0.8669735768896378,0.018726039516366755,0.6330275229357798,1660.0,2709.0
other,GLD,immediate,1365,0.00018079259473546827,0.0012827768345593515,0.4973149524793954,0.010091590341382073,0.6432234432234433,1992.5,1996.0
other,QQQ,immediate,1365,8.992805755392297e-05,0.001177475584697385,0.5029616224346948,0.009729111026325898,0.7018315018315018,1697.5,1701.0
other,SLV,immediate,1365,0.0002279981760144878,0.002019036631093263,0.4892236824421874,0.015983149547763587,0.6395604395604395,2175.0,2178.0
other,SPY,immediate,1365,6.654909659609132e-05,0.0009129593810446313,0.5091708916856256,0.007322438253834829,0.6923076923076923,1580.0,1583.0
other,UNG,immediate,1365,0.0,0.004173622704507607,0.5351185952167029,0.028762541806020225,0.7076923076923077,1625.0,1626.0
other,USO,immediate,1365,0.0,0.0022573363431152016,0.5152737874615161,0.01615466101694918,0.6747252747252748,1905.0,1905.0
other,GLD,delayed,1068,0.0019782922525797275,0.005729064361945868,0.9282657026525764,0.013523012552301372,0.5636704119850188,1450.0,2711.5
other,QQQ,delayed,1068,5.686556979322965e-05,0.004685754306391732,0.8695312118171393,0.012377753139944714,0.7368913857677902,1785.0,3251.0
other,SLV,delayed,1068,0.004283965728274275,0.00999432140829093,0.9179104361398377,0.02151051625239009,0.6198501872659176,1445.0,2954.5
other,SPY,delayed,1068,0.00016674170043184944,0.0031193137509748503,0.8346419717434077,0.009161599530508768,0.7144194756554307,1860.0,3271.0
other,UNG,delayed,1068,-0.0021676300578034047,0.014001708604628182,0.8808249186235599,0.04090354090354098,0.5290262172284644,1650.0,2849.0
other,USO,delayed,1068,0.0006934812760057696,0.006882312456985562,0.8309766917514056,0.020248568635665487,0.7050561797752809,1595.0,2872.0
