strategy_name,family,horizon_hours,threshold_label,min_entry_abs_ret_60m_slot_percentile,timing_regime,topic_bucket,symbol,trade_count,win_rate,median_r,mean_r,total_r,profit_factor,median_entry_abs_return,median_entry_abs_ret_60m_slot_percentile,contained_within_0_5x_shock_rate_24h,contained_within_1_0x_shock_rate_24h,median_adverse_extension_units_24h,median_favorable_extension_units_24h,contained_within_0_5x_shock_rate_72h,contained_within_1_0x_shock_rate_72h,median_adverse_extension_units_72h,median_favorable_extension_units_72h,ranking_bucket
long_straddle_72h,long_vol_proxy,72,p80,0.8,delayed,tariffs_trade,QQQ,30,0.8,1.4615194462755365,1.7414361199434458,52.24308359830337,16.9521245755511,0.005753447373057163,1.0,,,,,0.16666666666666666,0.43333333333333335,1.3504432289702053,2.276297335203354,best
long_straddle_72h,long_vol_proxy,72,p80,0.8,delayed,war_geopolitics,UNG,85,0.6588235294117647,1.5384615384615237,1.5602076843606232,132.61765317065297,11.234164490719465,0.016178736517719616,1.0,,,,,0.16470588235294117,0.2235294117647059,2.3749999999999916,1.0454545454545443,best
long_straddle_72h,long_vol_proxy,72,p90,0.9,delayed,war_geopolitics,UNG,83,0.6506024096385542,1.4661016949152548,1.5104536526584693,125.36765317065296,10.674678699923286,0.019538188277087087,1.0,,,,,0.1686746987951807,0.2289156626506024,2.3749999999999916,0.9411764705882464,best
long_straddle_72h,long_vol_proxy,72,p80,0.8,delayed,domestic_politics_attacks,UNG,88,0.6818181818181818,0.8110119047619053,1.3579581535822696,119.50031751523973,7.791342062006034,0.01649272960339765,1.0,,,,,0.22727272727272727,0.36363636363636365,1.8783783783783785,1.443055555555551,best
long_straddle_72h,long_vol_proxy,72,p80,0.8,delayed,immigration_border,QQQ,31,0.7096774193548387,0.42010309278350455,1.2435238046370525,38.54923794374863,9.051460238242727,0.0055414620103990675,1.0,,,,,0.22580645161290322,0.3870967741935484,1.0478723404254886,1.771349862258973,best
long_straddle_24h,long_vol_proxy,24,p80,0.8,delayed,war_geopolitics,UNG,86,0.7325581395348837,0.657142857142859,1.2286401926190893,105.66305656524169,11.64969448399561,0.01577576333956704,1.0,0.26744186046511625,0.4069767441860465,1.3823529411764783,0.933333333333346,,,,,best
long_straddle_24h,long_vol_proxy,24,p90,0.9,delayed,war_geopolitics,UNG,84,0.7380952380952381,0.657142857142859,1.2215840067290662,102.61305656524156,12.188010361340393,0.017858462397403352,1.0,0.27380952380952384,0.4166666666666667,1.3093582887700563,0.8897435897435981,,,,,best
long_straddle_72h,long_vol_proxy,72,p90,0.9,delayed,war_geopolitics,SPY,71,0.676056338028169,0.29207920792077413,1.1941434619688043,84.7841857997851,8.77548991135914,0.0059827527183216045,1.0,,,,,0.2676056338028169,0.4084507042253521,1.3371428571428754,1.4453280318091493,best
long_straddle_72h,long_vol_proxy,72,p80,0.8,delayed,war_geopolitics,SPY,90,0.7111111111111111,0.29207920792077413,1.1352750072091133,102.17475064882021,8.815419388126475,0.005909110854334654,0.9923076923076923,,,,,0.23333333333333334,0.34444444444444444,1.5741332058635886,1.8838709677418994,best
long_straddle_72h,long_vol_proxy,72,p80,0.8,delayed,war_geopolitics,USO,63,0.7142857142857143,0.17647058823529282,1.1343859865556265,71.46631715300447,14.441409482684044,0.02463799438080838,1.0,,,,,0.30158730158730157,0.49206349206349204,1.0185185185185148,1.5473568281938317,best
long_straddle_72h,long_vol_proxy,72,p90,0.9,delayed,domestic_politics_attacks,UNG,81,0.654320987654321,0.777777777777747,1.1282618074583783,91.38920640412864,6.193754915224879,0.01866666666666661,1.0,,,,,0.20987654320987653,0.35802469135802467,2.3913043478260856,1.3333333333333333,best
long_straddle_72h,long_vol_proxy,72,p80,0.8,delayed,domestic_politics_attacks,GLD,87,0.5977011494252874,0.393274853801179,1.0996462709031205,95.66922556857149,7.041747613340988,0.00786418400876232,0.9830508474576272,,,,,0.06896551724137931,0.3563218390804598,1.167630057803481,1.118279569892487,best
long_straddle_72h,long_vol_proxy,72,p80,0.8,delayed,domestic_politics_attacks,SPY,84,0.5833333333333334,0.560872180009983,1.0909571305252084,91.6403989641175,6.311697458095903,0.005030432826819142,0.9836065573770492,,,,,0.21428571428571427,0.34523809523809523,1.349890109890148,2.0256918290486263,best
long_straddle_72h,long_vol_proxy,72,p80,0.8,delayed,war_geopolitics,QQQ,90,0.6444444444444445,0.5833333333333333,1.0650407152295995,95.85366437066395,6.154753073911618,0.007251817875847999,1.0,,,,,0.28888888888888886,0.4,1.2176079734219374,1.5987654320988016,best
long_straddle_72h,long_vol_proxy,72,p80,0.8,delayed,domestic_politics_attacks,QQQ,85,0.611764705882353,0.6925972396486828,1.0568052057752384,89.82844249089526,6.112079130449478,0.005966993998908876,1.0,,,,,0.2,0.3411764705882353,1.4516129032258123,1.771349862258973,best
long_straddle_72h,long_vol_proxy,72,p80,0.8,delayed,immigration_border,SPY,30,0.5666666666666667,0.0407921412401564,1.0309653312897584,30.928959938692753,6.24755743779256,0.004697844976330745,0.9830508474576272,,,,,0.23333333333333334,0.3333333333333333,1.3058953722333575,1.5206291321836596,best
long_straddle_72h,long_vol_proxy,72,p90,0.9,delayed,war_geopolitics,SLV,69,0.5072463768115942,0.2734375000000009,0.9927011721305199,68.49638087700588,5.9566870362596305,0.017108352901710755,0.9830508474576272,,,,,0.2608695652173913,0.463768115942029,1.2698412698412858,1.5270270270270314,best
long_straddle_72h,long_vol_proxy,72,p90,0.9,delayed,war_geopolitics,USO,58,0.6896551724137931,0.06078431372549353,0.9901956983819225,57.4313505061515,11.801708133973468,0.02463799438080838,1.0,,,,,0.3103448275862069,0.5172413793103449,0.8964603283173715,1.5473568281938317,best
long_straddle_72h,long_vol_proxy,72,p80,0.8,delayed,war_geopolitics,SLV,83,0.5301204819277109,0.42307692307691824,0.9808442322464321,81.41007127645386,5.535526771367371,0.014462809917355157,0.9830508474576272,,,,,0.2289156626506024,0.39759036144578314,1.6521739130434299,1.7450980392156943,best
long_straddle_72h,long_vol_proxy,72,p80,0.8,delayed,tariffs_trade,SLV,32,0.5625,0.370774130328268,0.966662393546539,30.93319659348925,6.018408665632068,0.01191344574965264,0.9745762711864407,,,,,0.1875,0.34375,1.7766546662974019,1.269522305566523,best
long_straddle_72h,long_vol_proxy,72,p80,0.8,delayed,domestic_politics_attacks,SLV,76,0.6447368421052632,0.5338753387533817,0.9265058054869403,70.41444121700746,7.455615344450862,0.015053879310344853,0.9830508474576272,,,,,0.10526315789473684,0.3026315789473684,2.4317685112335017,1.1519607843137294,best
long_straddle_72h,long_vol_proxy,72,p80,0.8,delayed,immigration_border,UNG,35,0.5428571428571428,0.21768707482993088,0.9054906928544383,31.69217424990534,5.050377005616418,0.0277945619335348,1.0,,,,,0.22857142857142856,0.37142857142857144,1.564102564102572,1.1132075471698124,best
long_straddle_24h,long_vol_proxy,24,p80,0.8,delayed,tariffs_trade,QQQ,30,0.4666666666666667,-0.21191919191916425,0.9011137936567006,27.03341380970102,3.718022375157676,0.005753447373057163,1.0,0.4,0.7333333333333333,0.6760168302945376,1.3107902735562282,,,,,best
long_straddle_72h,long_vol_proxy,72,p90,0.9,delayed,war_geopolitics,QQQ,76,0.618421052631579,0.5833333333333333,0.890952603941418,67.71239789954777,4.993604875148355,0.008865450864503965,1.0,,,,,0.3157894736842105,0.4342105263157895,1.2176079734219374,1.584489099028104,best
long_straddle_24h,long_vol_proxy,24,p80,0.8,delayed,domestic_politics_attacks,UNG,88,0.5681818181818182,0.3501915708812169,0.8836262247404799,77.75910777716223,6.763990429322331,0.01649272960339765,1.0,0.2727272727272727,0.5568181818181818,0.8982125124131048,0.8330769230769253,,,,,best
long_straddle_72h,long_vol_proxy,72,p80,0.8,delayed,immigration_border,SLV,31,0.45161290322580644,-0.010869565217389132,0.8566176403155734,26.555146849782776,4.326241412664525,0.014190219303389373,0.9830508474576272,,,,,0.0967741935483871,0.3225806451612903,1.666666666666643,0.8909952606635085,best
long_straddle_24h,long_vol_proxy,24,p90,0.9,delayed,war_geopolitics,SLV,69,0.5362318840579711,0.09999999999997877,0.848917334861966,58.57529610547565,4.695450499794032,0.017108352901710755,0.9830508474576272,0.5652173913043478,0.7246376811594203,0.47552447552448274,1.0952380952380996,,,,,best
long_straddle_72h,long_vol_proxy,72,p80,0.8,delayed,war_geopolitics,GLD,87,0.6781609195402298,0.48134328358208545,0.7944674395470998,69.11866724059767,5.628072479143193,0.008940114380875164,0.9830508474576272,,,,,0.19540229885057472,0.41379310344827586,1.523622047244084,0.8571428571428571,best
long_straddle_72h,long_vol_proxy,72,p80,0.8,delayed,immigration_border,GLD,35,0.6285714285714286,0.15602836879434911,0.7853211665467296,27.486240829135536,5.851756467250752,0.008490411407965803,0.9830508474576272,,,,,0.14285714285714285,0.34285714285714286,1.6996015936254951,0.49860724233982623,best
long_straddle_24h,long_vol_proxy,24,p80,0.8,delayed,war_geopolitics,SLV,84,0.4880952380952381,0.0,0.7728353586072904,64.91817012301239,4.386386211897414,0.014326514610372265,0.9830508474576272,0.5238095238095238,0.7261904761904762,0.47552447552448274,1.3897949673811776,,,,,best
long_straddle_72h,long_vol_proxy,72,p90,0.9,delayed,domestic_politics_attacks,QQQ,67,0.5223880597014925,0.09876543209878408,0.7439337991188603,49.84356454096364,3.9636055946781856,0.009316126150557547,1.0,,,,,0.22388059701492538,0.34328358208955223,1.4193548387096597,1.3356164383561688,best
long_straddle_72h,long_vol_proxy,72,p90,0.9,delayed,domestic_politics_attacks,SPY,66,0.48484848484848486,-0.08030592734226982,0.7401955831717968,48.85290848933859,3.8881727258796945,0.0072428291671465805,1.0,,,,,0.2727272727272727,0.4393939393939394,1.2237623762376475,1.4453280318091493,best
long_straddle_72h,long_vol_proxy,72,p90,0.9,delayed,domestic_politics_attacks,GLD,60,0.5333333333333333,0.3311227434264489,0.7212203951421174,43.27322370852705,4.242352170060212,0.01346648509608106,0.9833333333333333,,,,,0.08333333333333333,0.4,1.2857110611048652,0.9068322981366461,best
long_straddle_24h,long_vol_proxy,24,p90,0.9,delayed,domestic_politics_attacks,UNG,81,0.5432098765432098,0.21428571428573684,0.6935280795534434,56.175774443828914,5.409228707859382,0.01866666666666661,1.0,0.25925925925925924,0.5679012345679012,0.8490566037735817,0.7352941176470591,,,,,best
long_straddle_24h,long_vol_proxy,24,p80,0.8,delayed,immigration_border,UNG,35,0.5142857142857142,0.04878048780487698,0.6910280027176466,24.185980095117632,4.959286581251751,0.0277945619335348,1.0,0.3142857142857143,0.5714285714285714,0.743243243243244,0.6896551724137946,,,,,best
long_straddle_72h,long_vol_proxy,72,p90,0.9,delayed,war_geopolitics,GLD,67,0.6417910447761194,0.6949685534591117,0.6881940155291772,46.108999040454876,4.834221922266351,0.013698630136986356,0.9830508474576272,,,,,0.23880597014925373,0.5223880597014925,0.837662337662343,0.8056680161943268,best
long_straddle_72h,long_vol_proxy,72,p80,0.8,delayed,domestic_politics_attacks,USO,56,0.6071428571428571,0.799479166666675,0.6860492796257079,38.418759659039644,4.5181824025512745,0.011647254575707255,0.9649122807017544,,,,,0.30357142857142855,0.4642857142857143,1.1631054131054124,1.3085106382978797,best
long_straddle_72h,long_vol_proxy,72,p90,0.9,delayed,domestic_politics_attacks,SLV,62,0.5806451612903226,0.45982142857142083,0.589791882993904,36.567096745622045,4.3890353367622845,0.017108352901710755,0.9830508474576272,,,,,0.12903225806451613,0.3387096774193548,1.984759507829967,1.10954222326381,best
long_straddle_72h,long_vol_proxy,72,p90,0.9,delayed,domestic_politics_attacks,USO,43,0.5348837209302325,0.17647058823529282,0.528928190752568,22.743912202360423,3.202093361456787,0.014733969986357454,0.9649122807017544,,,,,0.32558139534883723,0.46511627906976744,1.0185185185185148,0.9310344827586214,best
long_straddle_24h,long_vol_proxy,24,p80,0.8,delayed,immigration_border,QQQ,31,0.3548387096774194,-0.2177777777777692,0.5277626812735697,16.360643119480663,2.4446202029162123,0.0055414620103990675,1.0,0.3870967741935484,0.6451612903225806,0.844444444444447,1.0250000000000496,,,,,best
fade_debit_72h,debit_spread_proxy,72,p80,0.8,delayed,domestic_politics_attacks,SLV,76,0.2894736842105263,-1.0,-0.453962892991712,-34.50117986737011,0.3071614567302476,0.015053879310344853,0.9830508474576272,,,,,0.10526315789473684,0.3026315789473684,2.4317685112335017,1.1519607843137294,worst
fade_debit_72h,debit_spread_proxy,72,p90,0.9,delayed,domestic_politics_attacks,SLV,62,0.3387096774193548,-0.8920361247947547,-0.36481978913215585,-22.618826926193663,0.3872644569377782,0.017108352901710755,0.9830508474576272,,,,,0.12903225806451613,0.3387096774193548,1.984759507829967,1.10954222326381,worst
fade_credit_72h,credit_spread_proxy,72,p80,0.8,delayed,domestic_politics_attacks,SLV,76,0.40789473684210525,-0.9381868131868013,-0.32786295213949407,-24.91758436260155,0.373775873418723,0.015053879310344853,0.9830508474576272,,,,,0.10526315789473684,0.3026315789473684,2.4317685112335017,1.1519607843137294,worst
follow_debit_24h,debit_spread_proxy,24,p80,0.8,delayed,war_geopolitics,SLV,84,0.34523809523809523,-0.603448275862061,-0.3095566100016485,-26.002755240138477,0.42745649216528503,0.014326514610372265,0.9830508474576272,0.5238095238095238,0.7261904761904762,0.47552447552448274,1.3897949673811776,,,,,worst
fade_debit_72h,debit_spread_proxy,72,p80,0.8,delayed,immigration_border,SLV,31,0.3548387096774194,-0.6493506493506527,-0.29028008811597,-8.99868273159507,0.4378485274802786,0.014190219303389373,0.9830508474576272,,,,,0.0967741935483871,0.3225806451612903,1.666666666666643,0.8909952606635085,worst
fade_debit_72h,debit_spread_proxy,72,p90,0.9,delayed,domestic_politics_attacks,GLD,60,0.31666666666666665,-0.621239177489181,-0.26379001561993254,-15.827400937195954,0.49337042548100724,0.01346648509608106,0.9833333333333333,,,,,0.08333333333333333,0.4,1.2857110611048652,0.9068322981366461,worst
follow_debit_24h,debit_spread_proxy,24,p90,0.9,delayed,war_geopolitics,SLV,69,0.391304347826087,-0.603448275862061,-0.2484148495237424,-17.140624617138226,0.5122882046619434,0.017108352901710755,0.9830508474576272,0.5652173913043478,0.7246376811594203,0.47552447552448274,1.0952380952380996,,,,,worst
fade_debit_24h,debit_spread_proxy,24,p80,0.8,delayed,war_geopolitics,UNG,86,0.37209302325581395,-0.848684210526313,-0.22202409001920007,-19.094071741651206,0.5987475972644425,0.01577576333956704,1.0,0.26744186046511625,0.4069767441860465,1.3823529411764783,0.933333333333346,,,,,worst
fade_debit_72h,debit_spread_proxy,72,p80,0.8,delayed,tariffs_trade,SLV,32,0.375,-0.5011437908496752,-0.2175257602659193,-6.960824328509418,0.5755191019197882,0.01191344574965264,0.9745762711864407,,,,,0.1875,0.34375,1.7766546662974019,1.269522305566523,worst
fade_credit_72h,credit_spread_proxy,72,p90,0.9,delayed,domestic_politics_attacks,SLV,62,0.4838709677419355,-0.06467096122269955,-0.21623019589366146,-13.40627214540701,0.5167243948550003,0.017108352901710755,0.9830508474576272,,,,,0.12903225806451613,0.3387096774193548,1.984759507829967,1.10954222326381,worst
fade_debit_24h,debit_spread_proxy,24,p90,0.9,delayed,war_geopolitics,UNG,84,0.38095238095238093,-0.848684210526313,-0.21242942549584748,-17.844071741651188,0.6148998650757395,0.017858462397403352,1.0,0.27380952380952384,0.4166666666666667,1.3093582887700563,0.8897435897435981,,,,,worst
fade_debit_72h,debit_spread_proxy,72,p80,0.8,delayed,war_geopolitics,GLD,87,0.3448275862068966,-0.6264367816091777,-0.2092843629129985,-18.20773957343087,0.5966075664159853,0.008940114380875164,0.9830508474576272,,,,,0.19540229885057472,0.41379310344827586,1.523622047244084,0.8571428571428571,worst
fade_debit_24h,debit_spread_proxy,24,p90,0.9,delayed,domestic_politics_attacks,UNG,81,0.3950617283950617,-0.6021505376344083,-0.20339443011427494,-16.47494883925627,0.6111392971198089,0.01866666666666661,1.0,0.25925925925925924,0.5679012345679012,0.8490566037735817,0.7352941176470591,,,,,worst
follow_debit_24h,debit_spread_proxy,24,p80,0.8,delayed,tariffs_trade,QQQ,30,0.3333333333333333,-0.16667637295439824,-0.19553650101694456,-5.866095030508337,0.5473711060856832,0.005753447373057163,1.0,0.4,0.7333333333333333,0.6760168302945376,1.3107902735562282,,,,,worst
fade_debit_24h,debit_spread_proxy,24,p80,0.8,delayed,immigration_border,SLV,31,0.3548387096774194,-0.35172413793103413,-0.1895770403323391,-5.876888250302512,0.5921496272604048,0.014190219303389373,0.9830508474576272,0.2903225806451613,0.4838709677419355,1.6521739130434299,0.6206896551724146,,,,,worst
fade_debit_72h,debit_spread_proxy,72,p80,0.8,delayed,war_geopolitics,SLV,83,0.40963855421686746,-0.6078431372549088,-0.18629761486761204,-15.4627020340118,0.6158968684861381,0.014462809917355157,0.9830508474576272,,,,,0.2289156626506024,0.39759036144578314,1.6521739130434299,1.7450980392156943,worst
fade_debit_72h,debit_spread_proxy,72,p90,0.9,delayed,immigration_border,UNG,32,0.40625,-0.5102040816326529,-0.1851629892686596,-5.925215656597107,0.6063073254768585,0.030532767943799943,1.0,,,,,0.1875,0.34375,1.635792778649925,0.94735647832993,worst
follow_debit_24h,debit_spread_proxy,24,p80,0.8,delayed,immigration_border,QQQ,31,0.2903225806451613,-0.17499999999999288,-0.1761983073385806,-5.462147527495999,0.5654084813746113,0.0055414620103990675,1.0,0.3870967741935484,0.6451612903225806,0.844444444444447,1.0250000000000496,,,,,worst
follow_debit_24h,debit_spread_proxy,24,p80,0.8,delayed,war_geopolitics,USO,65,0.35384615384615387,-0.2994652406417117,-0.1746517259624551,-11.352362187559581,0.6079429383809852,0.02442834824598772,1.0,0.5538461538461539,0.7384615384615385,0.4705882352941141,0.7929515418502194,,,,,worst
long_straddle_24h,long_vol_proxy,24,p90,0.9,delayed,domestic_politics_attacks,USO,43,0.3953488372093023,-0.37777777777777266,-0.17260310232419193,-7.421933399940253,0.5557924649066253,0.014733969986357454,0.9649122807017544,0.4883720930232558,0.627906976744186,0.5185185185185228,0.5775401069518693,,,,,worst
follow_debit_24h,debit_spread_proxy,24,p90,0.9,delayed,war_geopolitics,USO,60,0.35,-0.2994652406417117,-0.17253936979265969,-10.352362187559581,0.6011556093048454,0.02463799438080838,1.0,0.5833333333333334,0.7833333333333333,0.44230769230768363,0.7929515418502194,,,,,worst
fade_debit_24h,debit_spread_proxy,24,p80,0.8,delayed,domestic_politics_attacks,UNG,88,0.4090909090909091,-0.6021505376344083,-0.16732896408245782,-14.724948839256289,0.6699716559128193,0.01649272960339765,1.0,0.2727272727272727,0.5568181818181818,0.8982125124131048,0.8330769230769253,,,,,worst
fade_debit_72h,debit_spread_proxy,72,p90,0.9,delayed,war_geopolitics,GLD,67,0.373134328358209,-0.5787401574802986,-0.16592161148007342,-11.11674796916492,0.6635931981078014,0.013698630136986356,0.9830508474576272,,,,,0.23880597014925373,0.5223880597014925,0.837662337662343,0.8056680161943268,worst
fade_debit_72h,debit_spread_proxy,72,p80,0.8,delayed,domestic_politics_attacks,GLD,87,0.367816091954023,-0.5465587044534215,-0.16481552814650277,-14.33895094874574,0.6646026412009917,0.00786418400876232,0.9830508474576272,,,,,0.06896551724137931,0.3563218390804598,1.167630057803481,1.118279569892487,worst
fade_debit_72h,debit_spread_proxy,72,p90,0.9,delayed,war_geopolitics,SLV,69,0.4057971014492754,-0.6078431372549088,-0.16423575726671108,-11.332267251403065,0.6592479947698686,0.017108352901710755,0.9830508474576272,,,,,0.2608695652173913,0.463768115942029,1.2698412698412858,1.5270270270270314,worst
fade_debit_72h,debit_spread_proxy,72,p80,0.8,delayed,immigration_border,GLD,35,0.37142857142857144,-0.5787401574802986,-0.16130014139338866,-5.645504948768603,0.6772179494391926,0.008490411407965803,0.9830508474576272,,,,,0.14285714285714285,0.34285714285714286,1.6996015936254951,0.49860724233982623,worst
fade_credit_24h,credit_spread_proxy,24,p80,0.8,delayed,war_geopolitics,UNG,86,0.5,0.0020242914979798216,-0.14936128263570508,-12.845070306670637,0.623389302669139,0.01577576333956704,1.0,0.26744186046511625,0.4069767441860465,1.3823529411764783,0.933333333333346,,,,,worst
fade_credit_24h,credit_spread_proxy,24,p90,0.9,delayed,war_geopolitics,UNG,84,0.5,0.0020242914979798216,-0.14742299815633542,-12.383531845132175,0.6259545517458586,0.017858462397403352,1.0,0.27380952380952384,0.4166666666666667,1.3093582887700563,0.8897435897435981,,,,,worst
follow_debit_24h,debit_spread_proxy,24,p90,0.9,delayed,domestic_politics_attacks,SPY,66,0.4696969696969697,-0.07357859531773465,-0.14616353074358332,-9.646793029076498,0.6397854121210111,0.0072428291671465805,1.0,0.45454545454545453,0.7878787878787878,0.6054219707685244,0.7142675982882261,,,,,worst
fade_debit_24h,debit_spread_proxy,24,p90,0.9,delayed,domestic_politics_attacks,GLD,60,0.38333333333333336,-0.15245089810307313,-0.14149236423317255,-8.489541853990353,0.6534354613400607,0.01346648509608106,0.9833333333333333,0.31666666666666665,0.65,0.5749408633944442,0.37987781596028103,,,,,worst
fade_debit_72h,debit_spread_proxy,72,p80,0.8,delayed,immigration_border,UNG,35,0.42857142857142855,-0.5102040816326529,-0.14072044733134592,-4.925215656597107,0.693139823709833,0.0277945619335348,1.0,,,,,0.22857142857142856,0.37142857142857144,1.564102564102572,1.1132075471698124,worst
fade_debit_24h,debit_spread_proxy,24,p90,0.9,delayed,immigration_border,UNG,32,0.4375,-0.548780487804877,-0.139198358990482,-4.454347487695424,0.7064262168834057,0.030532767943799943,1.0,0.28125,0.5625,0.8716216216216214,0.5837049742710128,,,,,worst
long_straddle_24h,long_vol_proxy,24,p90,0.9,delayed,war_geopolitics,QQQ,76,0.27631578947368424,-0.3333333333333306,-0.13180724622562198,-10.01735071314727,0.678202400372786,0.008865450864503965,1.0,0.5657894736842105,0.7763157894736842,0.4187327823691415,0.9063829787233936,,,,,worst
follow_debit_24h,debit_spread_proxy,24,p80,0.8,delayed,immigration_border,SPY,30,0.5666666666666667,0.02465994581138124,-0.10677658641239264,-3.2032975923717792,0.6998191926662906,0.004697844976330745,0.9830508474576272,0.36666666666666664,0.6,0.7093275488069354,0.9691935483870893,,,,,worst
fade_debit_24h,debit_spread_proxy,24,p90,0.9,delayed,domestic_politics_attacks,USO,43,0.4418604651162791,-0.04367816091953962,-0.10223744075898938,-4.396209952636544,0.7134895327620835,0.014733969986357454,0.9649122807017544,0.4883720930232558,0.627906976744186,0.5185185185185228,0.5775401069518693,,,,,worst
fade_debit_24h,debit_spread_proxy,24,p80,0.8,delayed,immigration_border,UNG,35,0.45714285714285713,-0.548780487804877,-0.09869564250558356,-3.4543474876954248,0.7864105568901715,0.0277945619335348,1.0,0.3142857142857143,0.5714285714285714,0.743243243243244,0.6896551724137946,,,,,worst
fade_credit_72h,credit_spread_proxy,72,p90,0.9,delayed,domestic_politics_attacks,GLD,60,0.6,0.3519397269397214,-0.09828352780772456,-5.897011668463474,0.7408434534018914,0.01346648509608106,0.9833333333333333,,,,,0.08333333333333333,0.4,1.2857110611048652,0.9068322981366461,worst
follow_debit_24h,debit_spread_proxy,24,p80,0.8,delayed,domestic_politics_attacks,SPY,84,0.4880952380952381,-0.03678929765886733,-0.09640914387690007,-8.098368085659606,0.7625767230723404,0.005030432826819142,0.9836065573770492,0.39285714285714285,0.6666666666666666,0.8893219724438209,0.7879735835940198,,,,,worst
follow_debit_24h,debit_spread_proxy,24,p80,0.8,delayed,domestic_politics_attacks,QQQ,85,0.4470588235294118,-0.07502679528402892,-0.09284132491084063,-7.891512617421453,0.7445517106060122,0.005966993998908876,1.0,0.4235294117647059,0.611764705882353,0.7253886010363354,1.0166130760986067,,,,,worst
fade_debit_24h,debit_spread_proxy,24,p80,0.8,delayed,immigration_border,GLD,35,0.45714285714285713,-0.16397515527950202,-0.09272878801023425,-3.2455075803581988,0.7796449502313583,0.008490411407965803,0.9830508474576272,0.3142857142857143,0.5142857142857142,0.9548872180450901,0.49860724233982623,,,,,worst
