strategy_name,family,horizon_hours,threshold_label,min_entry_abs_ret_60m_slot_percentile,timing_regime,symbol,trade_count,win_rate,median_r,mean_r,total_r,profit_factor,median_entry_abs_return,median_entry_abs_ret_60m_slot_percentile,contained_within_0_5x_shock_rate_24h,contained_within_1_0x_shock_rate_24h,median_adverse_extension_units_24h,median_favorable_extension_units_24h,contained_within_0_5x_shock_rate_72h,contained_within_1_0x_shock_rate_72h,median_adverse_extension_units_72h,median_favorable_extension_units_72h
fade_credit_24h,credit_spread_proxy,24,all,0.0,immediate,GLD,1846,0.5796316359696642,0.5384615384615384,-0.09512545340327572,-175.60158698244697,0.7628432395037253,0.0013186994389050577,0.5076923076923077,0.1635969664138678,0.24972914409534128,3.8000000000002423,3.855400696864265,,,,
fade_credit_24h,credit_spread_proxy,24,all,0.0,immediate,QQQ,1852,0.5583153347732182,0.5384615384615384,-0.12881162015319447,-238.55912052371616,0.6953304869467165,0.0012803428358164615,0.5230769230769231,0.14578833693304535,0.23110151187904968,3.675757575757641,3.6825757575756244,,,,
fade_credit_24h,credit_spread_proxy,24,all,0.0,immediate,SLV,1776,0.5850225225225225,0.5384615384615384,-0.08774016524009895,-155.82653346641573,0.7786353127835594,0.002266111473023802,0.515625,0.16835585585585586,0.268018018018018,3.4722222222219514,3.666666666666509,,,,
fade_credit_24h,credit_spread_proxy,24,all,0.0,immediate,SPY,1850,0.5664864864864865,0.5384615384615384,-0.11725925676434817,-216.92962501404412,0.716943037194517,0.0010000427019387081,0.5254237288135594,0.1535135135135135,0.22054054054054054,3.421580671580413,3.552882072977643,,,,
fade_credit_24h,credit_spread_proxy,24,all,0.0,immediate,UNG,1760,0.5738636363636364,0.5384615384615384,-0.10166071164904275,-178.92285250231524,0.7486578484334498,0.004659108669603285,0.5806451612903226,0.17727272727272728,0.2676136363636364,2.9999999999999876,3.285714285714266,,,,
fade_credit_24h,credit_spread_proxy,24,all,0.0,immediate,USO,1791,0.5683975432719152,0.5384615384615384,-0.11315471498591895,-202.66009453978083,0.7258221421437901,0.0025544703230653276,0.5538461538461539,0.16973757677275264,0.25907314349525407,3.181818181818211,3.26829268292683,,,,
fade_credit_24h,credit_spread_proxy,24,all,0.0,delayed,GLD,1383,0.6688358640636298,0.5384615384615384,0.05470112358503225,75.6516539180996,1.1922926711256774,0.005882225261010121,0.9491525423728814,0.2762111352133044,0.4924078091106291,1.042735042735052,1.0285714285714564,,,,
fade_credit_24h,credit_spread_proxy,24,all,0.0,delayed,QQQ,1383,0.8228488792480115,0.5384615384615384,0.2518097103829421,348.2528294596089,2.5436952179882955,0.004886117342864704,0.9838709677419355,0.35502530730296455,0.5560375994215474,0.892682926829308,1.4504504504504911,,,,
fade_credit_24h,credit_spread_proxy,24,all,0.0,delayed,SLV,1376,0.6962209302325582,0.5384615384615384,0.09202966564938521,126.63281993355405,1.354534910392328,0.00999432140829093,0.9491525423728814,0.2921511627906977,0.4876453488372093,1.0666666666666693,1.066666666666665,,,,
fade_credit_24h,credit_spread_proxy,24,all,0.0,delayed,SPY,1379,0.7635968092820885,0.5384615384615384,0.19153417569553918,264.12562828414855,1.9219290776030786,0.0033630798731471012,0.9672131147540983,0.3488034807831762,0.5257432922407542,0.9762376237623976,1.5139125496876744,,,,
fade_credit_24h,credit_spread_proxy,24,all,0.0,delayed,UNG,1365,0.6263736263736264,0.5384615384615384,0.012617214053814657,17.22249718345701,1.0416146627889054,0.014233241505968719,0.9814814814814815,0.263003663003663,0.4512820512820513,1.1666666666666963,1.2758620689655173,,,,
fade_credit_24h,credit_spread_proxy,24,all,0.0,delayed,USO,1380,0.717391304347826,0.5384615384615384,0.14059534044770547,194.02156981783355,1.5983482169315855,0.007226382866903025,0.8363636363636363,0.3072463768115942,0.47101449275362317,1.098039215686268,1.6984126984126842,,,,
fade_credit_24h,credit_spread_proxy,24,p80,0.8,immediate,GLD,402,0.6766169154228856,0.5384615384615384,0.05696859169725257,22.901373862295532,1.1939127154306668,0.004527613864334756,0.8983050847457628,0.2562189054726368,0.44776119402985076,1.255597014925398,1.3647839484558064,,,,
fade_credit_24h,credit_spread_proxy,24,p80,0.8,immediate,QQQ,418,0.6267942583732058,0.5384615384615384,-0.014050201184330154,-5.872984095050004,0.9590989040338542,0.004904404113675986,0.9008196721311476,0.2535885167464115,0.4090909090909091,1.3912930213170953,1.3891709697163055,,,,
fade_credit_24h,credit_spread_proxy,24,p80,0.8,immediate,SLV,351,0.6410256410256411,0.5384615384615384,0.01250482413251216,4.389193270511768,1.0394684997372547,0.009207240948813977,0.9016393442622951,0.26495726495726496,0.4017094017094017,1.43478260869562,1.2898550724637599,,,,
fade_credit_24h,credit_spread_proxy,24,p80,0.8,immediate,SPY,422,0.6611374407582938,0.5384615384615384,0.032798150194696125,13.840819382161765,1.1066501805066766,0.003929897777293467,0.9076923076923077,0.26303317535545023,0.4004739336492891,1.2945508047425496,1.3661957033351642,,,,
fade_credit_24h,credit_spread_proxy,24,p80,0.8,immediate,UNG,450,0.6466666666666666,0.5384615384615384,0.016063589795406955,7.2286154079331295,1.0499026827594586,0.013109303852097631,0.8983050847457628,0.3,0.45111111111111113,1.1893274853801166,1.4529914529914474,,,,
fade_credit_24h,credit_spread_proxy,24,p80,0.8,immediate,USO,445,0.6179775280898876,0.5384615384615384,-0.03352838244234813,-14.92013018684492,0.9056774635642055,0.007983517898531911,0.8983050847457628,0.2696629213483146,0.4202247191011236,1.4423076923077034,1.4117647058823086,,,,
fade_credit_24h,credit_spread_proxy,24,p80,0.8,delayed,GLD,1094,0.7084095063985375,0.5384615384615384,0.12370168777301527,135.3296464236787,1.5302017813283593,0.007011035306693447,0.9830508474576272,0.33089579524680074,0.56672760511883,0.8026666666666719,0.7572815533980585,,,,
fade_credit_24h,credit_spread_proxy,24,p80,0.8,delayed,QQQ,1063,0.8767638758231421,0.5384615384615384,0.3298970877069969,350.6806042325377,4.073666402734498,0.005828751287182632,1.0,0.4233301975540922,0.6312323612417686,0.7253886010363354,1.0250000000000496,,,,
fade_credit_24h,credit_spread_proxy,24,p80,0.8,delayed,SLV,988,0.7621457489878543,0.5384615384615384,0.19473799732360408,192.40114135572082,2.0394081900902683,0.013603125233717483,0.9830508474576272,0.37044534412955465,0.6143724696356275,0.7380073800737986,0.7380952380952236,,,,
fade_credit_24h,credit_spread_proxy,24,p80,0.8,delayed,SPY,1055,0.833175355450237,0.5384615384615384,0.30588470425531195,322.7083629893541,3.3450851374563397,0.004530969174306287,0.9836065573770492,0.442654028436019,0.6426540284360189,0.6761904761904892,1.0617760617760488,,,,
fade_credit_24h,credit_spread_proxy,24,p80,0.8,delayed,UNG,1127,0.6512866015971606,0.5384615384615384,0.058464209272514396,65.88916385012372,1.2194916832032228,0.019618834080717518,1.0,0.3105590062111801,0.5385980479148181,0.9473684210526281,0.9411764705882365,,,,
fade_credit_24h,credit_spread_proxy,24,p80,0.8,delayed,USO,730,0.7561643835616438,0.5384615384615384,0.21790895668078109,159.0735383769702,2.2526651754734432,0.013895781637716986,0.9649122807017544,0.46986301369863015,0.6301369863013698,0.5185185185185228,0.8545454545454569,,,,
fade_credit_24h,credit_spread_proxy,24,p90,0.9,immediate,GLD,199,0.7135678391959799,0.5384615384615384,0.11349376353127302,22.585258942723332,1.4452298933281795,0.006390664073353758,0.953125,0.32663316582914576,0.5226130653266332,0.9583333333333348,1.1366906474820084,,,,
fade_credit_24h,credit_spread_proxy,24,p90,0.9,immediate,QQQ,211,0.6777251184834123,0.5384615384615384,0.06241072827944823,13.168663666963576,1.2142425764511093,0.00749547253336913,0.9538461538461539,0.26066350710900477,0.46919431279620855,1.0952380952380025,1.1572327044025148,,,,
fade_credit_24h,credit_spread_proxy,24,p90,0.9,immediate,SLV,183,0.6229508196721312,0.5384615384615384,-0.0107346972587469,-1.964449598350683,0.9670899654794071,0.013687853996224186,0.9538461538461539,0.28415300546448086,0.4098360655737705,1.2758620689655245,0.9677419354838769,,,,
fade_credit_24h,credit_spread_proxy,24,p90,0.9,immediate,SPY,221,0.6742081447963801,0.5384615384615384,0.06281553406613188,13.882233028615145,1.2167591211994453,0.005500671486652786,0.9538461538461539,0.28054298642533937,0.43891402714932126,1.1741573033706836,1.1589537223340072,,,,
fade_credit_24h,credit_spread_proxy,24,p90,0.9,immediate,UNG,223,0.6816143497757847,0.5384615384615384,0.06528243461037302,14.557982918113183,1.224505646585785,0.01660735468564667,0.9538461538461539,0.3273542600896861,0.5022421524663677,1.0000000000000273,1.261538461538458,,,,
fade_credit_24h,credit_spread_proxy,24,p90,0.9,immediate,USO,219,0.6757990867579908,0.5384615384615384,0.04378363127872901,9.588615250041652,1.141656764273103,0.01160365058670143,0.9516129032258065,0.3105022831050228,0.5068493150684932,0.9712230215827395,1.318181818181821,,,,
fade_credit_24h,credit_spread_proxy,24,p90,0.9,delayed,GLD,778,0.705655526992288,0.5384615384615384,0.13510435298767115,105.11118662440816,1.6356340442646997,0.011721869111118055,0.9830508474576272,0.3444730077120823,0.5989717223650386,0.7299270072992828,0.3250000000000011,,,,
fade_credit_24h,credit_spread_proxy,24,p90,0.9,delayed,QQQ,847,0.9055489964580874,0.5384615384615384,0.3680096860937694,311.70420412142266,5.377201950784935,0.00723619389123098,1.0,0.48642266824085006,0.7237308146399055,0.5361702127659483,0.8978102189781082,,,,
fade_credit_24h,credit_spread_proxy,24,p90,0.9,delayed,SLV,815,0.7766871165644171,0.5384615384615384,0.21946221971531996,178.86170906798577,2.3103379317925867,0.016154577130186754,0.9830508474576272,0.39386503067484663,0.6380368098159509,0.7122302158273393,0.6206896551724146,,,,
fade_credit_24h,credit_spread_proxy,24,p90,0.9,delayed,SPY,807,0.8562577447335812,0.5384615384615384,0.35296897417141865,284.84596215633485,4.521518173850258,0.0059827527183216045,1.0,0.49814126394052044,0.7236679058240396,0.5096525096524788,0.9414316702819752,,,,
fade_credit_24h,credit_spread_proxy,24,p90,0.9,delayed,UNG,1044,0.6561302681992337,0.5384615384615384,0.06745941129174828,70.4276253885852,1.2615533970826127,0.02300000000000002,1.0,0.2998084291187739,0.5440613026819924,0.9411764705882365,0.8888888888888882,,,,
fade_credit_24h,credit_spread_proxy,24,p90,0.9,delayed,USO,583,0.7615780445969125,0.5384615384615384,0.23153452259341747,134.9846266719624,2.441750955466771,0.01588352084712119,0.9830508474576272,0.5180102915951973,0.692967409948542,0.48198198198197917,0.7929515418502194,,,,
fade_credit_72h,credit_spread_proxy,72,all,0.0,immediate,GLD,1833,0.5422804146208402,0.5384615384615384,-0.15491268641440578,-283.9549541976058,0.6490495220358865,0.0013187900101656602,0.5076923076923077,,,,,0.10474631751227496,0.16039279869067102,6.310344827585706,6.723529411764755
fade_credit_72h,credit_spread_proxy,72,all,0.0,immediate,QQQ,1839,0.5263730288200109,0.5384615384615384,-0.1798950287585886,-330.82695788704444,0.6085120857460451,0.0012837179070523952,0.5230769230769231,,,,,0.08374116367591082,0.14192495921696574,6.840909090908222,6.165898617511635
fade_credit_72h,credit_spread_proxy,72,all,0.0,immediate,SLV,1763,0.5570051049347703,0.5384615384615384,-0.13002437565460914,-229.2329742790759,0.6943259862679599,0.002261164499717472,0.5084745762711864,,,,,0.1128757799205899,0.18774815655133295,6.000000000000355,6.44444444444469
fade_credit_72h,credit_spread_proxy,72,all,0.0,immediate,SPY,1837,0.5367446924333152,0.5384615384615384,-0.16144994511869948,-296.58354918305093,0.6369301426809748,0.0010015492715294005,0.5254237288135594,,,,,0.09744148067501361,0.1491562329885683,6.512195121950861,6.079999999999927
fade_credit_72h,credit_spread_proxy,72,all,0.0,immediate,UNG,1748,0.5572082379862701,0.5384615384615384,-0.13114123309466244,-229.23487544946997,0.6923649415855936,0.004705885247757224,0.5846153846153846,,,,,0.11613272311212815,0.17677345537757438,5.249999999999902,5.816666666666604
fade_credit_72h,credit_spread_proxy,72,all,0.0,immediate,USO,1778,0.5714285714285714,0.5384615384615384,-0.11477592562356435,-204.0715957586974,0.7244945935034177,0.0025384656573331776,0.5491935483870968,,,,,0.11304836895388076,0.18503937007874016,5.507575757575693,5.823543233082752
fade_credit_72h,credit_spread_proxy,72,all,0.0,delayed,GLD,1379,0.5692530819434373,0.5384615384615384,-0.07944426475051201,-109.55364109095606,0.786172424591443,0.005882225261010121,0.9491525423728814,,,,,0.11747643219724438,0.28426395939086296,1.8946666666666716,1.5025380710659586
fade_credit_72h,credit_spread_proxy,72,all,0.0,delayed,QQQ,1379,0.6925308194343728,0.5384615384615384,0.07109609068224734,98.04150905081909,1.2393797433386748,0.004886117342864704,0.9838709677419355,,,,,0.2124728063814358,0.34662799129804206,1.5733333333333424,2.5882352941177915
fade_credit_72h,credit_spread_proxy,72,all,0.0,delayed,SLV,1372,0.5502915451895044,0.3086913086913035,-0.11346183027387081,-155.66963113575076,0.7083815281902127,0.010151312009193614,0.9491525423728814,,,,,0.13338192419825073,0.26822157434402333,2.294117647058828,1.5789473684210567
fade_credit_72h,credit_spread_proxy,72,all,0.0,delayed,SPY,1375,0.64,0.5384615384615384,0.0400500853166618,55.06886731040997,1.1334937582733802,0.0034060148139334334,0.9672131147540983,,,,,0.20581818181818182,0.2923636363636364,1.7857142857142987,2.778067885117475
fade_credit_72h,credit_spread_proxy,72,all,0.0,delayed,UNG,1361,0.6465833945628214,0.5384615384615384,0.004917355672459961,6.692521070218007,1.0151445494251734,0.014233241505968719,0.9814814814814815,,,,,0.16311535635562086,0.27553269654665685,2.3749999999999916,2.2571428571428593
fade_credit_72h,credit_spread_proxy,72,all,0.0,delayed,USO,1376,0.6351744186046512,0.5384615384615384,-0.018951224898906265,-26.07688546089502,0.9456965422073315,0.007176079734219298,0.819672131147541,,,,,0.1816860465116279,0.3117732558139535,2.215686274509773,2.4999999999999916
fade_credit_72h,credit_spread_proxy,72,p80,0.8,immediate,GLD,399,0.5989974937343359,0.5384615384615384,-0.06441471454656128,-25.701471104077953,0.8286750418690062,0.004544153427794351,0.8983050847457628,,,,,0.16541353383458646,0.2907268170426065,2.485507246376825,2.324324324324302
fade_credit_72h,credit_spread_proxy,72,p80,0.8,immediate,QQQ,416,0.5625,0.5384615384615384,-0.11283879991985539,-46.94094076665984,0.7219890423321326,0.004931557066192083,0.9016393442622951,,,,,0.1658653846153846,0.27163461538461536,2.4774477193630933,2.5214400150786656
fade_credit_72h,credit_spread_proxy,72,p80,0.8,immediate,SLV,347,0.6167146974063401,0.5384615384615384,-0.039338774563710315,-13.650554773607478,0.8907219299635682,0.009207240948813977,0.9016393442622951,,,,,0.17579250720461095,0.28530259365994237,2.5643274853801143,2.807692307692331
fade_credit_72h,credit_spread_proxy,72,p80,0.8,immediate,SPY,421,0.5985748218527316,0.5384615384615384,-0.05305180734085773,-22.334810890501103,0.8535191571301995,0.003933784264862794,0.9076923076923077,,,,,0.17339667458432304,0.27790973871733965,2.2187499999999756,2.603375527426138
fade_credit_72h,credit_spread_proxy,72,p80,0.8,immediate,UNG,450,0.62,0.5384615384615384,-0.03503442138358708,-15.765489622614187,0.9027401629081232,0.013109303852097631,0.8983050847457628,,,,,0.20222222222222222,0.3088888888888889,2.262422360248439,2.679487179487185
fade_credit_72h,credit_spread_proxy,72,p80,0.8,immediate,USO,435,0.6137931034482759,0.5384615384615384,-0.040587596075731924,-17.655604292943387,0.8888207966939226,0.007968127490040056,0.8983050847457628,,,,,0.19080459770114944,0.3080459770114943,2.28205128205128,2.479166666666641
fade_credit_72h,credit_spread_proxy,72,p80,0.8,delayed,GLD,1091,0.5829514207149404,0.5384615384615384,-0.04730780264765287,-51.61281268858928,0.8620620430822792,0.007011035306693447,0.9830508474576272,,,,,0.13932172318973418,0.3437213565536205,1.5723014256619003,1.0285714285714564
fade_credit_72h,credit_spread_proxy,72,p80,0.8,delayed,QQQ,1063,0.7224835371589841,0.5384615384615384,0.11903525258061592,126.53447349319472,1.4500910486564011,0.005828751287182632,1.0,,,,,0.2502351834430856,0.3922859830667921,1.2645228215767517,2.2362204724409795
fade_credit_72h,credit_spread_proxy,72,p80,0.8,delayed,SLV,985,0.5431472081218274,0.30149471381698645,-0.11964989999770728,-117.85515149774167,0.6885032292404248,0.014056224899598346,0.9830508474576272,,,,,0.16446700507614212,0.3380710659898477,1.7710843373493999,1.0
fade_credit_72h,credit_spread_proxy,72,p80,0.8,delayed,SPY,1055,0.6976303317535545,0.5384615384615384,0.14025428966297107,147.9682755944345,1.6112312960841835,0.004530969174306287,0.9836065573770492,,,,,0.25781990521327014,0.35165876777251187,1.5263157894736168,2.194736842105268
fade_credit_72h,credit_spread_proxy,72,p80,0.8,delayed,UNG,1126,0.6625222024866785,0.5384615384615384,0.0315618782561029,35.53867491637186,1.1042466383841405,0.019628148158183534,1.0,,,,,0.1891651865008881,0.325044404973357,1.6818181818181734,1.375000000000001
fade_credit_72h,credit_spread_proxy,72,p80,0.8,delayed,USO,726,0.7024793388429752,0.5384615384615384,0.09060237093610178,65.7773212996099,1.3346734135322944,0.013895781637716986,0.9649122807017544,,,,,0.2865013774104683,0.4476584022038568,1.2291666666666339,1.6769230769230725
fade_credit_72h,credit_spread_proxy,72,p90,0.9,immediate,GLD,198,0.6464646464646465,0.5384615384615384,0.005284367588578229,1.0463047825384892,1.0161064930492703,0.0064262711196746425,0.953125,,,,,0.2222222222222222,0.35353535353535354,1.825473472971284,1.73054903013626
fade_credit_72h,credit_spread_proxy,72,p90,0.9,immediate,QQQ,211,0.6255924170616114,0.5384615384615384,-0.012206697629590042,-2.575613199843499,0.9634083054536196,0.00749547253336913,0.9538461538461539,,,,,0.17535545023696683,0.3127962085308057,2.0182648401825793,2.1549636803874335
fade_credit_72h,credit_spread_proxy,72,p90,0.9,immediate,SLV,180,0.6333333333333333,0.5384615384615384,-0.01605654782650427,-2.8901786087707686,0.9534402634416506,0.013809160674577603,0.9538461538461539,,,,,0.19444444444444445,0.31666666666666665,2.1585917312661573,1.772765246449461
fade_credit_72h,credit_spread_proxy,72,p90,0.9,immediate,SPY,221,0.6289592760180995,0.5384615384615384,0.004804431807649882,1.061779429490624,1.0150089353961147,0.005500671486652786,0.9538461538461539,,,,,0.19004524886877827,0.3257918552036199,1.9666666666666133,1.999999999999858
fade_credit_72h,credit_spread_proxy,72,p90,0.9,immediate,UNG,223,0.6143497757847534,0.5384615384615384,-0.029616318157047773,-6.604438949021653,0.9153791964954602,0.01660735468564667,0.9538461538461539,,,,,0.21973094170403587,0.35874439461883406,1.6981132075471634,2.2647058823529407
fade_credit_72h,credit_spread_proxy,72,p90,0.9,immediate,USO,212,0.6462264150943396,0.5384615384615384,0.010287383863856737,2.180925379137628,1.030806503714452,0.01168892754811146,0.951216287678477,,,,,0.24056603773584906,0.4056603773584906,1.4270361990950269,1.9916666666666685
fade_credit_72h,credit_spread_proxy,72,p90,0.9,delayed,GLD,775,0.5741935483870968,0.4173228346456944,-0.07912187760221727,-61.31945514171838,0.7818081660568524,0.011721869111118055,0.9830508474576272,,,,,0.14967741935483872,0.3961290322580645,1.4442105263157923,0.6880222841225593
fade_credit_72h,credit_spread_proxy,72,p90,0.9,delayed,QQQ,847,0.7213695395513577,0.5384615384615384,0.11806942522257843,100.00480316352393,1.448206731664577,0.00723619389123098,1.0,,,,,0.2857142857142857,0.4427390791027155,1.0952380952381184,1.771349862258973
fade_credit_72h,credit_spread_proxy,72,p90,0.9,delayed,SLV,815,0.5828220858895705,0.3086913086913035,-0.06199490946718583,-50.525851215756454,0.8187180103434387,0.016154577130186754,0.9830508474576272,,,,,0.17791411042944785,0.37791411042944784,1.666666666666643,1.0
fade_credit_72h,credit_spread_proxy,72,p90,0.9,delayed,SPY,807,0.7050805452292441,0.5384615384615384,0.15759099650395758,127.17593417869377,1.7217743147091664,0.0059827527183216045,1.0,,,,,0.31226765799256506,0.4312267657992565,1.2125813449023894,1.5959302325581697
fade_credit_72h,credit_spread_proxy,72,p90,0.9,delayed,UNG,1043,0.663470757430489,0.5384615384615384,0.033999762070420686,35.46175183944877,1.1136924197197495,0.02300000000000002,1.0,,,,,0.16874400767018216,0.31543624161073824,1.6818181818181734,1.3333333333333333
fade_credit_72h,credit_spread_proxy,72,p90,0.9,delayed,USO,579,0.7340241796200345,0.5384615384615384,0.1330706655816861,77.04791537179625,1.548131781090563,0.015127272727272878,0.9830508474576272,,,,,0.3160621761658031,0.48704663212435234,1.0185185185185148,1.4710144927536137
fade_debit_24h,debit_spread_proxy,24,all,0.0,immediate,GLD,1846,0.5059588299024919,0.05971479500886689,0.015094254931412258,27.863994603387027,1.0336349572364643,0.0013186994389050577,0.5076923076923077,0.1635969664138678,0.24972914409534128,3.8000000000002423,3.855400696864265,,,,
fade_debit_24h,debit_spread_proxy,24,all,0.0,immediate,QQQ,1852,0.4994600431965443,0.0,-0.010879507093352649,-20.148847136889106,0.9766333994120818,0.0012803428358164615,0.5230769230769231,0.14578833693304535,0.23110151187904968,3.675757575757641,3.6825757575756244,,,,
fade_debit_24h,debit_spread_proxy,24,all,0.0,immediate,SLV,1776,0.518581081081081,0.24999999999997224,0.04361817318419824,77.46587557513608,1.0991840103077952,0.002266111473023802,0.515625,0.16835585585585586,0.268018018018018,3.4722222222219514,3.666666666666509,,,,
fade_debit_24h,debit_spread_proxy,24,all,0.0,immediate,SPY,1850,0.49675675675675673,-0.0836720867208513,-0.010925685580597307,-20.21251832410502,0.9764748699793737,0.0010000427019387081,0.5254237288135594,0.1535135135135135,0.22054054054054054,3.421580671580413,3.552882072977643,,,,
fade_debit_24h,debit_spread_proxy,24,all,0.0,immediate,UNG,1760,0.49829545454545454,0.0,0.01223687780693076,21.536904940198138,1.0270685113977764,0.004659108669603285,0.5806451612903226,0.17727272727272728,0.2676136363636364,2.9999999999999876,3.285714285714266,,,,
fade_debit_24h,debit_spread_proxy,24,all,0.0,immediate,USO,1791,0.5013958682300391,0.014285714285721536,0.00648594619039112,11.616329626990495,1.0141769960241904,0.0025544703230653276,0.5538461538461539,0.16973757677275264,0.25907314349525407,3.181818181818211,3.26829268292683,,,,
fade_debit_24h,debit_spread_proxy,24,all,0.0,delayed,GLD,1383,0.47288503253796094,-0.06741573033708116,-0.024752894733814097,-34.2332534168649,0.9383382525303496,0.005882225261010121,0.9491525423728814,0.2762111352133044,0.4924078091106291,1.042735042735052,1.0285714285714564,,,,
fade_debit_24h,debit_spread_proxy,24,all,0.0,delayed,QQQ,1383,0.6182212581344902,0.20779220779220828,0.17812613917736922,246.34845048230162,1.6498751750122749,0.004886117342864704,0.9838709677419355,0.35502530730296455,0.5560375994215474,0.892682926829308,1.4504504504504911,,,,
fade_debit_24h,debit_spread_proxy,24,all,0.0,delayed,SLV,1376,0.49055232558139533,-0.03554502369668045,0.004124487818399165,5.675295238117251,1.01057335404921,0.00999432140829093,0.9491525423728814,0.2921511627906977,0.4876453488372093,1.0666666666666693,1.066666666666665,,,,
fade_debit_24h,debit_spread_proxy,24,all,0.0,delayed,SPY,1379,0.5192168237853517,0.30678851174934696,0.11888909948039268,163.94806818346152,1.375039118821888,0.0033630798731471012,0.9672131147540983,0.3488034807831762,0.5257432922407542,0.9762376237623976,1.5139125496876744,,,,
fade_debit_24h,debit_spread_proxy,24,all,0.0,delayed,UNG,1365,0.4783882783882784,-0.15384615384614964,-0.04107069690313728,-56.06150127278239,0.9069928939846248,0.014233241505968719,0.9814814814814815,0.263003663003663,0.4512820512820513,1.1666666666666963,1.2758620689655173,,,,
fade_debit_24h,debit_spread_proxy,24,all,0.0,delayed,USO,1380,0.5891304347826087,0.3452083333333357,0.15681356367138855,216.40271786651618,1.4780706761288238,0.007226382866903025,0.8363636363636363,0.3072463768115942,0.47101449275362317,1.098039215686268,1.6984126984126842,,,,
fade_debit_24h,debit_spread_proxy,24,p80,0.8,immediate,GLD,402,0.5,0.0035460992907769967,0.026206934660132235,10.535187733373158,1.0672921451586832,0.004527613864334756,0.8983050847457628,0.2562189054726368,0.44776119402985076,1.255597014925398,1.3647839484558064,,,,
fade_debit_24h,debit_spread_proxy,24,p80,0.8,immediate,QQQ,418,0.5382775119617225,0.23343875184482968,0.039556365872316715,16.534560934628388,1.0972944049737616,0.004904404113675986,0.9008196721311476,0.2535885167464115,0.4090909090909091,1.3912930213170953,1.3891709697163055,,,,
fade_debit_24h,debit_spread_proxy,24,p80,0.8,immediate,SLV,351,0.4928774928774929,-0.03846153846154477,-0.007754462610877102,-2.7218163764178627,0.9816460271742689,0.009207240948813977,0.9016393442622951,0.26495726495726496,0.4017094017094017,1.43478260869562,1.2898550724637599,,,,
fade_debit_24h,debit_spread_proxy,24,p80,0.8,immediate,SPY,422,0.5545023696682464,0.31364377325992,0.06461339913025789,27.26685443296883,1.1655053494646517,0.003929897777293467,0.9076923076923077,0.26303317535545023,0.4004739336492891,1.2945508047425496,1.3661957033351642,,,,
fade_debit_24h,debit_spread_proxy,24,p80,0.8,immediate,UNG,450,0.5177777777777778,0.22077922077922568,0.04825485004845944,21.714682521806747,1.1204558304775931,0.013109303852097631,0.8983050847457628,0.3,0.45111111111111113,1.1893274853801166,1.4529914529914474,,,,
fade_debit_24h,debit_spread_proxy,24,p80,0.8,immediate,USO,445,0.4943820224719101,0.0,-0.015248458634871554,-6.785564092517841,0.9642954237305272,0.007983517898531911,0.8983050847457628,0.2696629213483146,0.4202247191011236,1.4423076923077034,1.4117647058823086,,,,
fade_debit_24h,debit_spread_proxy,24,p80,0.8,delayed,GLD,1094,0.4716636197440585,-0.06741573033708116,-0.023336508202547217,-25.530139973586657,0.937633254315784,0.007011035306693447,0.9830508474576272,0.33089579524680074,0.56672760511883,0.8026666666666719,0.7572815533980585,,,,
fade_debit_24h,debit_spread_proxy,24,p80,0.8,delayed,QQQ,1063,0.6274694261523989,0.17499999999999288,0.1756901205970315,186.7585981946445,1.725826384499687,0.005828751287182632,1.0,0.4233301975540922,0.6312323612417686,0.7253886010363354,1.0250000000000496,,,,
fade_debit_24h,debit_spread_proxy,24,p80,0.8,delayed,SLV,988,0.4949392712550607,-0.012711864406780146,0.03261368745966039,32.22232321014447,1.0938311684215465,0.013603125233717483,0.9830508474576272,0.37044534412955465,0.6143724696356275,0.7380073800737986,0.7380952380952236,,,,
fade_debit_24h,debit_spread_proxy,24,p80,0.8,delayed,SPY,1055,0.5308056872037915,0.32903225806450787,0.16951493109837454,178.83825230878514,1.6452616977548018,0.004530969174306287,0.9836065573770492,0.442654028436019,0.6426540284360189,0.6761904761904892,1.0617760617760488,,,,
fade_debit_24h,debit_spread_proxy,24,p80,0.8,delayed,UNG,1127,0.47914818101153506,-0.15384615384614964,-0.04314833002613052,-48.62816793944909,0.8992508492513114,0.019618834080717518,1.0,0.3105590062111801,0.5385980479148181,0.9473684210526281,0.9411764705882365,,,,
fade_debit_24h,debit_spread_proxy,24,p80,0.8,delayed,USO,730,0.5821917808219178,0.25892857142856657,0.08886591499248715,64.87211794451562,1.2914005552135328,0.013895781637716986,0.9649122807017544,0.46986301369863015,0.6301369863013698,0.5185185185185228,0.8545454545454569,,,,
fade_debit_24h,debit_spread_proxy,24,p90,0.9,immediate,GLD,199,0.507537688442211,0.07035175879396267,0.05299965015607027,10.546930381057983,1.1450413094240148,0.006390664073353758,0.953125,0.32663316582914576,0.5226130653266332,0.9583333333333348,1.1366906474820084,,,,
fade_debit_24h,debit_spread_proxy,24,p90,0.9,immediate,QQQ,211,0.5781990521327014,0.2944162436548309,0.09544670530153984,20.139254818624906,1.2664461486241756,0.00749547253336913,0.9538461538461539,0.26066350710900477,0.46919431279620855,1.0952380952380025,1.1572327044025148,,,,
fade_debit_24h,debit_spread_proxy,24,p90,0.9,immediate,SLV,183,0.4426229508196721,-0.3539823008849452,-0.10164209513686277,-18.60050341004589,0.7785635004331833,0.013687853996224186,0.9538461538461539,0.28415300546448086,0.4098360655737705,1.2758620689655245,0.9677419354838769,,,,
fade_debit_24h,debit_spread_proxy,24,p90,0.9,immediate,SPY,221,0.583710407239819,0.3760217983651139,0.10377662850679376,22.93463490000142,1.2836753708191402,0.005500671486652786,0.9538461538461539,0.28054298642533937,0.43891402714932126,1.1741573033706836,1.1589537223340072,,,,
fade_debit_24h,debit_spread_proxy,24,p90,0.9,immediate,UNG,223,0.5291479820627802,0.23684210526316052,0.07458198445074825,16.63178253251686,1.200492809263297,0.01660735468564667,0.9538461538461539,0.3273542600896861,0.5022421524663677,1.0000000000000273,1.261538461538458,,,,
fade_debit_24h,debit_spread_proxy,24,p90,0.9,immediate,USO,219,0.54337899543379,0.2042253521126752,0.058425854283628675,12.79526208811468,1.156074196784836,0.01160365058670143,0.9516129032258065,0.3105022831050228,0.5068493150684932,0.9712230215827395,1.318181818181821,,,,
fade_debit_24h,debit_spread_proxy,24,p90,0.9,delayed,GLD,778,0.41002570694087404,-0.16397515527950202,-0.11278594567724692,-87.7474657368981,0.7164795810383991,0.011721869111118055,0.9830508474576272,0.3444730077120823,0.5989717223650386,0.7299270072992828,0.3250000000000011,,,,
fade_debit_24h,debit_spread_proxy,24,p90,0.9,delayed,QQQ,847,0.6328217237308147,0.20779220779220828,0.19264480174761545,163.1701470802303,1.8707896777165531,0.00723619389123098,1.0,0.48642266824085006,0.7237308146399055,0.5361702127659483,0.8978102189781082,,,,
fade_debit_24h,debit_spread_proxy,24,p90,0.9,delayed,SLV,815,0.49938650306748467,0.0,0.04411262036803601,35.951785599949346,1.1298651692281352,0.016154577130186754,0.9830508474576272,0.39386503067484663,0.6380368098159509,0.7122302158273393,0.6206896551724146,,,,
fade_debit_24h,debit_spread_proxy,24,p90,0.9,delayed,SPY,807,0.5278810408921933,0.30678851174934696,0.17072550407854287,137.7754817913841,1.7057366930603675,0.0059827527183216045,1.0,0.49814126394052044,0.7236679058240396,0.5096525096524788,0.9414316702819752,,,,
fade_debit_24h,debit_spread_proxy,24,p90,0.9,delayed,UNG,1044,0.4722222222222222,-0.15384615384614964,-0.05831242139793974,-60.878167939449085,0.8641615001190448,0.02300000000000002,1.0,0.2998084291187739,0.5440613026819924,0.9411764705882365,0.8888888888888882,,,,
fade_debit_24h,debit_spread_proxy,24,p90,0.9,delayed,USO,583,0.58147512864494,0.25892857142856657,0.06922188362313401,40.35635815228713,1.2277697203605815,0.01588352084712119,0.9830508474576272,0.5180102915951973,0.692967409948542,0.48198198198197917,0.7929515418502194,,,,
fade_debit_72h,debit_spread_proxy,72,all,0.0,immediate,GLD,1833,0.49536279323513366,-0.07619047619051847,-0.0016091392589110784,-2.9495522615840066,0.9966289134876267,0.0013187900101656602,0.5076923076923077,,,,,0.10474631751227496,0.16039279869067102,6.310344827585706,6.723529411764755
fade_debit_72h,debit_spread_proxy,72,all,0.0,immediate,QQQ,1839,0.4910277324632953,-0.20253164556964667,-0.014471463421837355,-26.613021232758896,0.9703373382427082,0.0012837179070523952,0.5230769230769231,,,,,0.08374116367591082,0.14192495921696574,6.840909090908222,6.165898617511635
fade_debit_72h,debit_spread_proxy,72,all,0.0,immediate,SLV,1763,0.5031196823596142,0.09999999999999645,0.012555753543668922,22.135793497488308,1.027135894759471,0.002261164499717472,0.5084745762711864,,,,,0.1128757799205899,0.18774815655133295,6.000000000000355,6.44444444444469
fade_debit_72h,debit_spread_proxy,72,all,0.0,immediate,SPY,1837,0.49373979314099076,-0.14457831325301831,-0.012509658133848366,-22.98024199187945,0.9740665682536979,0.0010015492715294005,0.5254237288135594,,,,,0.09744148067501361,0.1491562329885683,6.512195121950861,6.079999999999927
fade_debit_72h,debit_spread_proxy,72,all,0.0,immediate,UNG,1748,0.5005720823798627,0.03563829787233974,0.01708680829985517,29.86774090814684,1.0369023621245166,0.004705885247757224,0.5846153846153846,,,,,0.11613272311212815,0.17677345537757438,5.249999999999902,5.816666666666604
fade_debit_72h,debit_spread_proxy,72,all,0.0,immediate,USO,1778,0.5196850393700787,0.45612134344528,0.0464388755171022,82.56832066940771,1.1032473407013799,0.0025384656573331776,0.5491935483870968,,,,,0.11304836895388076,0.18503937007874016,5.507575757575693,5.823543233082752
fade_debit_72h,debit_spread_proxy,72,all,0.0,delayed,GLD,1379,0.41624365482233505,-0.40599455040872634,-0.11021245755868751,-151.98297897343008,0.7734379536390714,0.005882225261010121,0.9491525423728814,,,,,0.11747643219724438,0.28426395939086296,1.8946666666666716,1.5025380710659586
fade_debit_72h,debit_spread_proxy,72,all,0.0,delayed,QQQ,1379,0.5678027556200145,0.6853932584269922,0.1741103260821494,240.09813966728402,1.5106196971575148,0.004886117342864704,0.9838709677419355,,,,,0.2124728063814358,0.34662799129804206,1.5733333333333424,2.5882352941177915
fade_debit_72h,debit_spread_proxy,72,all,0.0,delayed,SLV,1372,0.41909620991253643,-0.6493506493506527,-0.18061171735303835,-247.7992762083686,0.6441530481592767,0.010151312009193614,0.9491525423728814,,,,,0.13338192419825073,0.26822157434402333,2.294117647058828,1.5789473684210567
fade_debit_72h,debit_spread_proxy,72,all,0.0,delayed,SPY,1375,0.5432727272727272,0.40601503759394514,0.09166759238592954,126.04293953065311,1.2354660931459582,0.0034060148139334334,0.9672131147540983,,,,,0.20581818181818182,0.2923636363636364,1.7857142857142987,2.778067885117475
fade_debit_72h,debit_spread_proxy,72,all,0.0,delayed,UNG,1361,0.44893460690668624,-0.24074074074073848,-0.03386238369634684,-46.086704210728044,0.9224164994982998,0.014233241505968719,0.9814814814814815,,,,,0.16311535635562086,0.27553269654665685,2.3749999999999916,2.2571428571428593
fade_debit_72h,debit_spread_proxy,72,all,0.0,delayed,USO,1376,0.5428779069767442,0.4812091503267977,0.0772480424900481,106.29330646630619,1.1914394864592106,0.007176079734219298,0.819672131147541,,,,,0.1816860465116279,0.3117732558139535,2.215686274509773,2.4999999999999916
fade_debit_72h,debit_spread_proxy,72,p80,0.8,immediate,GLD,399,0.49373433583959897,-0.015267175572505173,0.00939307500578762,3.74783692730926,1.0212578586098229,0.004544153427794351,0.8983050847457628,,,,,0.16541353383458646,0.2907268170426065,2.485507246376825,2.324324324324302
fade_debit_72h,debit_spread_proxy,72,p80,0.8,immediate,QQQ,416,0.47836538461538464,-0.20126854683426731,-0.03774414432213233,-15.70156403800705,0.9200425858859785,0.004931557066192083,0.9016393442622951,,,,,0.1658653846153846,0.27163461538461536,2.4774477193630933,2.5214400150786656
fade_debit_72h,debit_spread_proxy,72,p80,0.8,immediate,SLV,347,0.5100864553314121,0.10576923076923007,0.020522797783095414,7.121410830734108,1.0484588734622606,0.009207240948813977,0.9016393442622951,,,,,0.17579250720461095,0.28530259365994237,2.5643274853801143,2.807692307692331
fade_debit_72h,debit_spread_proxy,72,p80,0.8,immediate,SPY,421,0.505938242280285,0.06926406926405712,0.000653509332518153,0.2751274289901424,1.0014723313976954,0.003933784264862794,0.9076923076923077,,,,,0.17339667458432304,0.27790973871733965,2.2187499999999756,2.603375527426138
fade_debit_72h,debit_spread_proxy,72,p80,0.8,immediate,UNG,450,0.5155555555555555,0.17627494456762632,0.056652164694586976,25.49347411256414,1.1359879036700449,0.013109303852097631,0.8983050847457628,,,,,0.20222222222222222,0.3088888888888889,2.262422360248439,2.679487179487185
fade_debit_72h,debit_spread_proxy,72,p80,0.8,immediate,USO,435,0.5264367816091954,0.27272727272727154,0.054785205234894004,23.83156427717889,1.1310657365340853,0.007968127490040056,0.8983050847457628,,,,,0.19080459770114944,0.3080459770114943,2.28205128205128,2.479166666666641
fade_debit_72h,debit_spread_proxy,72,p80,0.8,delayed,GLD,1091,0.39321723189734187,-0.40599455040872634,-0.1418910712089346,-154.80315868894766,0.7079350474989988,0.007011035306693447,0.9830508474576272,,,,,0.13932172318973418,0.3437213565536205,1.5723014256619003,1.0285714285714564
fade_debit_72h,debit_spread_proxy,72,p80,0.8,delayed,QQQ,1063,0.5776105362182502,0.6103646833013364,0.19936621294130272,211.92628435660478,1.633082920252803,0.005828751287182632,1.0,,,,,0.2502351834430856,0.3922859830667921,1.2645228215767517,2.2362204724409795
fade_debit_72h,debit_spread_proxy,72,p80,0.8,delayed,SLV,985,0.36243654822335025,-0.6540284360189588,-0.29075685834447074,-286.39550546930366,0.4574150670997293,0.014056224899598346,0.9830508474576272,,,,,0.16446700507614212,0.3380710659898477,1.7710843373493999,1.0
fade_debit_72h,debit_spread_proxy,72,p80,0.8,delayed,SPY,1055,0.5744075829383887,0.4605911330049054,0.1531324866090618,161.55477337256022,1.4501569709178652,0.004530969174306287,0.9836065573770492,,,,,0.25781990521327014,0.35165876777251187,1.5263157894736168,2.194736842105268
fade_debit_72h,debit_spread_proxy,72,p80,0.8,delayed,UNG,1126,0.4289520426287744,-0.2724014336917561,-0.06366492381059335,-71.68670421072812,0.8541848085667076,0.019628148158183534,1.0,,,,,0.1891651865008881,0.325044404973357,1.6818181818181734,1.375000000000001
fade_debit_72h,debit_spread_proxy,72,p80,0.8,delayed,USO,726,0.5702479338842975,0.1993865030674826,0.1149698482947307,83.46810986197448,1.322772411678532,0.013895781637716986,0.9649122807017544,,,,,0.2865013774104683,0.4476584022038568,1.2291666666666339,1.6769230769230725
fade_debit_72h,debit_spread_proxy,72,p90,0.9,immediate,GLD,198,0.5151515151515151,0.2283411214953298,0.04730630641191843,9.366648669559849,1.1163037032500602,0.0064262711196746425,0.953125,,,,,0.2222222222222222,0.35353535353535354,1.825473472971284,1.73054903013626
fade_debit_72h,debit_spread_proxy,72,p90,0.9,immediate,QQQ,211,0.5213270142180095,0.2781725888324876,0.04397657316220882,9.279056937226061,1.103723156165316,0.00749547253336913,0.9538461538461539,,,,,0.17535545023696683,0.3127962085308057,2.0182648401825793,2.1549636803874335
fade_debit_72h,debit_spread_proxy,72,p90,0.9,immediate,SLV,180,0.5055555555555555,0.06071428571427548,0.00029520274338475555,0.053136493809256,1.0007230618974072,0.013809160674577603,0.9538461538461539,,,,,0.19444444444444445,0.31666666666666665,2.1585917312661573,1.772765246449461
fade_debit_72h,debit_spread_proxy,72,p90,0.9,immediate,SPY,221,0.5203619909502263,0.08673469387753356,0.021006131137557005,4.642354981400098,1.0504247746227184,0.005500671486652786,0.9538461538461539,,,,,0.19004524886877827,0.3257918552036199,1.9666666666666133,1.999999999999858
fade_debit_72h,debit_spread_proxy,72,p90,0.9,immediate,UNG,223,0.48878923766816146,-0.027027027027021578,0.01891422138240973,4.21787136827737,1.044157530355502,0.01660735468564667,0.9538461538461539,,,,,0.21973094170403587,0.35874439461883406,1.6981132075471634,2.2647058823529407
fade_debit_72h,debit_spread_proxy,72,p90,0.9,immediate,USO,212,0.5660377358490566,0.601851851851849,0.11796743323773706,25.009095846400257,1.3087268801446126,0.01168892754811146,0.951216287678477,,,,,0.24056603773584906,0.4056603773584906,1.4270361990950269,1.9916666666666685
fade_debit_72h,debit_spread_proxy,72,p90,0.9,delayed,GLD,775,0.33161290322580644,-0.5787401574802986,-0.25234398298153415,-195.566586810689,0.5186163827238216,0.011721869111118055,0.9830508474576272,,,,,0.14967741935483872,0.3961290322580645,1.4442105263157923,0.6880222841225593
fade_debit_72h,debit_spread_proxy,72,p90,0.9,delayed,QQQ,847,0.5454545454545454,0.5222602739726115,0.16111601155394226,136.4652617861891,1.4975025537804172,0.00723619389123098,1.0,,,,,0.2857142857142857,0.4427390791027155,1.0952380952381184,1.771349862258973
fade_debit_72h,debit_spread_proxy,72,p90,0.9,delayed,SLV,815,0.39754601226993863,-0.6493506493506527,-0.2517150486304775,-205.14776463383916,0.5104641500243015,0.016154577130186754,0.9830508474576272,,,,,0.17791411042944785,0.37791411042944784,1.666666666666643,1.0
fade_debit_72h,debit_spread_proxy,72,p90,0.9,delayed,SPY,807,0.5613382899628253,0.40573770491804634,0.14372478823257948,115.98590410369164,1.4311720322961146,0.0059827527183216045,1.0,,,,,0.31226765799256506,0.4312267657992565,1.2125813449023894,1.5959302325581697
fade_debit_72h,debit_spread_proxy,72,p90,0.9,delayed,UNG,1043,0.41418983700862894,-0.2724014336917561,-0.08859155313999413,-92.40098992501387,0.7997123462345652,0.02300000000000002,1.0,,,,,0.16874400767018216,0.31543624161073824,1.6818181818181734,1.3333333333333333
fade_debit_72h,debit_spread_proxy,72,p90,0.9,delayed,USO,579,0.5820379965457686,0.6022988505747126,0.15039685392175645,87.07977842069698,1.452551194571641,0.015127272727272878,0.9830508474576272,,,,,0.3160621761658031,0.48704663212435234,1.0185185185185148,1.4710144927536137
follow_debit_24h,debit_spread_proxy,24,all,0.0,immediate,GLD,1846,0.4934994582881907,-0.05971479500886689,-0.015094254931412258,-27.863994603387027,0.967459539752418,0.0013186994389050577,0.5076923076923077,0.1635969664138678,0.24972914409534128,3.8000000000002423,3.855400696864265,,,,
follow_debit_24h,debit_spread_proxy,24,all,0.0,immediate,QQQ,1852,0.49838012958963285,0.0,0.010879507093352649,20.148847136889106,1.0239256619750918,0.0012803428358164615,0.5230769230769231,0.14578833693304535,0.23110151187904968,3.675757575757641,3.6825757575756244,,,,
follow_debit_24h,debit_spread_proxy,24,all,0.0,immediate,SLV,1776,0.47297297297297297,-0.24999999999997224,-0.04361817318419824,-77.46587557513608,0.9097657813635575,0.002266111473023802,0.515625,0.16835585585585586,0.268018018018018,3.4722222222219514,3.666666666666509,,,,
follow_debit_24h,debit_spread_proxy,24,all,0.0,immediate,SPY,1850,0.5032432432432432,0.0836720867208513,0.010925685580597307,20.21251832410502,1.0240918949825337,0.0010000427019387081,0.5254237288135594,0.1535135135135135,0.22054054054054054,3.421580671580413,3.552882072977643,,,,
follow_debit_24h,debit_spread_proxy,24,all,0.0,immediate,UNG,1760,0.4909090909090909,0.0,-0.01223687780693076,-21.536904940198138,0.9736448824032801,0.004659108669603285,0.5806451612903226,0.17727272727272728,0.2676136363636364,2.9999999999999876,3.285714285714266,,,,
follow_debit_24h,debit_spread_proxy,24,all,0.0,immediate,USO,1791,0.49302065884980456,-0.014285714285721536,-0.00648594619039112,-11.616329626990495,0.9860211816282882,0.0025544703230653276,0.5538461538461539,0.16973757677275264,0.25907314349525407,3.181818181818211,3.26829268292683,,,,
follow_debit_24h,debit_spread_proxy,24,all,0.0,delayed,GLD,1383,0.5133767172812725,0.06741573033708116,0.024752894733814097,34.2332534168649,1.0657137735815112,0.005882225261010121,0.9491525423728814,0.2762111352133044,0.4924078091106291,1.042735042735052,1.0285714285714564,,,,
follow_debit_24h,debit_spread_proxy,24,all,0.0,delayed,QQQ,1383,0.38177874186550975,-0.20779220779220828,-0.17812613917736922,-246.34845048230162,0.606106458928058,0.004886117342864704,0.9838709677419355,0.35502530730296455,0.5560375994215474,0.892682926829308,1.4504504504504911,,,,
follow_debit_24h,debit_spread_proxy,24,all,0.0,delayed,SLV,1376,0.5079941860465116,0.03554502369668045,-0.004124487818399165,-5.675295238117251,0.9895372720774359,0.00999432140829093,0.9491525423728814,0.2921511627906977,0.4876453488372093,1.0666666666666693,1.066666666666665,,,,
follow_debit_24h,debit_spread_proxy,24,all,0.0,delayed,SPY,1379,0.4612037708484409,-0.30678851174934696,-0.11888909948039268,-163.94806818346152,0.7272520369142548,0.0033630798731471012,0.9672131147540983,0.3488034807831762,0.5257432922407542,0.9762376237623976,1.5139125496876744,,,,
follow_debit_24h,debit_spread_proxy,24,all,0.0,delayed,UNG,1365,0.517948717948718,0.15384615384614964,0.04107069690313728,56.06150127278239,1.1025444704497893,0.014233241505968719,0.9814814814814815,0.263003663003663,0.4512820512820513,1.1666666666666963,1.2758620689655173,,,,
follow_debit_24h,debit_spread_proxy,24,all,0.0,delayed,USO,1380,0.40869565217391307,-0.3452083333333357,-0.15681356367138855,-216.40271786651618,0.6765576343203519,0.007226382866903025,0.8363636363636363,0.3072463768115942,0.47101449275362317,1.098039215686268,1.6984126984126842,,,,
follow_debit_24h,debit_spread_proxy,24,p80,0.8,immediate,GLD,402,0.4975124378109453,-0.0035460992907769967,-0.026206934660132235,-10.535187733373158,0.9369505852133125,0.004527613864334756,0.8983050847457628,0.2562189054726368,0.44776119402985076,1.255597014925398,1.3647839484558064,,,,
follow_debit_24h,debit_spread_proxy,24,p80,0.8,immediate,QQQ,418,0.46172248803827753,-0.23343875184482968,-0.039556365872316715,-16.534560934628388,0.9113324514070696,0.004904404113675986,0.9008196721311476,0.2535885167464115,0.4090909090909091,1.3912930213170953,1.3891709697163055,,,,
follow_debit_24h,debit_spread_proxy,24,p80,0.8,immediate,SLV,351,0.5014245014245015,0.03846153846154477,0.007754462610877102,2.7218163764178627,1.0186971396182025,0.009207240948813977,0.9016393442622951,0.26495726495726496,0.4017094017094017,1.43478260869562,1.2898550724637599,,,,
follow_debit_24h,debit_spread_proxy,24,p80,0.8,immediate,SPY,422,0.44549763033175355,-0.31364377325992,-0.06461339913025789,-27.26685443296883,0.8579969199277611,0.003929897777293467,0.9076923076923077,0.26303317535545023,0.4004739336492891,1.2945508047425496,1.3661957033351642,,,,
follow_debit_24h,debit_spread_proxy,24,p80,0.8,immediate,UNG,450,0.4688888888888889,-0.22077922077922568,-0.04825485004845944,-21.714682521806747,0.8924939054257508,0.013109303852097631,0.8983050847457628,0.3,0.45111111111111113,1.1893274853801166,1.4529914529914474,,,,
follow_debit_24h,debit_spread_proxy,24,p80,0.8,immediate,USO,445,0.49887640449438203,0.0,0.015248458634871554,6.785564092517841,1.0370265951603752,0.007983517898531911,0.8983050847457628,0.2696629213483146,0.4202247191011236,1.4423076923077034,1.4117647058823086,,,,
follow_debit_24h,debit_spread_proxy,24,p80,0.8,delayed,GLD,1094,0.5109689213893968,0.06741573033708116,0.023336508202547217,25.530139973586657,1.0665150744143845,0.007011035306693447,0.9830508474576272,0.33089579524680074,0.56672760511883,0.8026666666666719,0.7572815533980585,,,,
follow_debit_24h,debit_spread_proxy,24,p80,0.8,delayed,QQQ,1063,0.37253057384760113,-0.17499999999999288,-0.1756901205970315,-186.7585981946445,0.579432559950054,0.005828751287182632,1.0,0.4233301975540922,0.6312323612417686,0.7253886010363354,1.0250000000000496,,,,
follow_debit_24h,debit_spread_proxy,24,p80,0.8,delayed,SLV,988,0.5030364372469636,0.012711864406780146,-0.03261368745966039,-32.22232321014447,0.9142178691461594,0.013603125233717483,0.9830508474576272,0.37044534412955465,0.6143724696356275,0.7380073800737986,0.7380952380952236,,,,
follow_debit_24h,debit_spread_proxy,24,p80,0.8,delayed,SPY,1055,0.44360189573459713,-0.32903225806450787,-0.16951493109837454,-178.83825230878514,0.6078060416556497,0.004530969174306287,0.9836065573770492,0.442654028436019,0.6426540284360189,0.6761904761904892,1.0617760617760488,,,,
follow_debit_24h,debit_spread_proxy,24,p80,0.8,delayed,UNG,1127,0.5173025732031943,0.15384615384614964,0.04314833002613052,48.62816793944909,1.112036759078481,0.019618834080717518,1.0,0.3105590062111801,0.5385980479148181,0.9473684210526281,0.9411764705882365,,,,
follow_debit_24h,debit_spread_proxy,24,p80,0.8,delayed,USO,730,0.4178082191780822,-0.25892857142856657,-0.08886591499248715,-64.87211794451562,0.7743530819797815,0.013895781637716986,0.9649122807017544,0.46986301369863015,0.6301369863013698,0.5185185185185228,0.8545454545454569,,,,
follow_debit_24h,debit_spread_proxy,24,p90,0.9,immediate,GLD,199,0.49246231155778897,-0.07035175879396267,-0.05299965015607027,-10.546930381057983,0.8733309372943284,0.006390664073353758,0.953125,0.32663316582914576,0.5226130653266332,0.9583333333333348,1.1366906474820084,,,,
follow_debit_24h,debit_spread_proxy,24,p90,0.9,immediate,QQQ,211,0.4218009478672986,-0.2944162436548309,-0.09544670530153984,-20.139254818624906,0.7896111501356503,0.00749547253336913,0.9538461538461539,0.26066350710900477,0.46919431279620855,1.0952380952380025,1.1572327044025148,,,,
follow_debit_24h,debit_spread_proxy,24,p90,0.9,immediate,SLV,183,0.5573770491803278,0.3539823008849452,0.10164209513686277,18.60050341004589,1.2844167488504303,0.013687853996224186,0.9538461538461539,0.28415300546448086,0.4098360655737705,1.2758620689655245,0.9677419354838769,,,,
follow_debit_24h,debit_spread_proxy,24,p90,0.9,immediate,SPY,221,0.416289592760181,-0.3760217983651139,-0.10377662850679376,-22.93463490000142,0.7790131545188711,0.005500671486652786,0.9538461538461539,0.28054298642533937,0.43891402714932126,1.1741573033706836,1.1589537223340072,,,,
follow_debit_24h,debit_spread_proxy,24,p90,0.9,immediate,UNG,223,0.4484304932735426,-0.23684210526316052,-0.07458198445074825,-16.63178253251686,0.8329912451651145,0.01660735468564667,0.9538461538461539,0.3273542600896861,0.5022421524663677,1.0000000000000273,1.261538461538458,,,,
follow_debit_24h,debit_spread_proxy,24,p90,0.9,immediate,USO,219,0.45662100456621,-0.2042253521126752,-0.058425854283628675,-12.79526208811468,0.8649963841257813,0.01160365058670143,0.9516129032258065,0.3105022831050228,0.5068493150684932,0.9712230215827395,1.318181818181821,,,,
follow_debit_24h,debit_spread_proxy,24,p90,0.9,delayed,GLD,778,0.5655526992287918,0.16397515527950202,0.11278594567724692,87.7474657368981,1.3957131877375943,0.011721869111118055,0.9830508474576272,0.3444730077120823,0.5989717223650386,0.7299270072992828,0.3250000000000011,,,,
follow_debit_24h,debit_spread_proxy,24,p90,0.9,delayed,QQQ,847,0.36717827626918537,-0.20779220779220828,-0.19264480174761545,-163.1701470802303,0.5345336313917336,0.00723619389123098,1.0,0.48642266824085006,0.7237308146399055,0.5361702127659483,0.8978102189781082,,,,
follow_debit_24h,debit_spread_proxy,24,p90,0.9,delayed,SLV,815,0.49938650306748467,0.0,-0.04411262036803601,-35.951785599949346,0.8850613570848881,0.016154577130186754,0.9830508474576272,0.39386503067484663,0.6380368098159509,0.7122302158273393,0.6206896551724146,,,,
follow_debit_24h,debit_spread_proxy,24,p90,0.9,delayed,SPY,807,0.4423791821561338,-0.30678851174934696,-0.17072550407854287,-137.7754817913841,0.586256955172746,0.0059827527183216045,1.0,0.49814126394052044,0.7236679058240396,0.5096525096524788,0.9414316702819752,,,,
follow_debit_24h,debit_spread_proxy,24,p90,0.9,delayed,UNG,1044,0.5239463601532567,0.15384615384614964,0.05831242139793974,60.878167939449085,1.1571911035868208,0.02300000000000002,1.0,0.2998084291187739,0.5440613026819924,0.9411764705882365,0.8888888888888882,,,,
follow_debit_24h,debit_spread_proxy,24,p90,0.9,delayed,USO,583,0.41852487135506006,-0.25892857142856657,-0.06922188362313401,-40.35635815228713,0.8144849831500257,0.01588352084712119,0.9830508474576272,0.5180102915951973,0.692967409948542,0.48198198198197917,0.7929515418502194,,,,
long_straddle_24h,long_vol_proxy,24,all,0.0,immediate,GLD,1846,0.8401950162513543,4.319395557713177,3.041024897689929,5613.731961135609,35.805494348583956,0.0013186994389050577,0.5076923076923077,0.1635969664138678,0.24972914409534128,3.8000000000002423,3.855400696864265,,,,
long_straddle_24h,long_vol_proxy,24,all,0.0,immediate,QQQ,1852,0.8455723542116631,3.604568854568478,2.9233629850865643,5414.0682483803175,37.68972333402606,0.0012803428358164615,0.5230769230769231,0.14578833693304535,0.23110151187904968,3.675757575757641,3.6825757575756244,,,,
long_straddle_24h,long_vol_proxy,24,all,0.0,immediate,SLV,1776,0.8507882882882883,4.399999999999688,3.0715131981076063,5455.007439839109,40.972111915202944,0.002266111473023802,0.515625,0.16835585585585586,0.268018018018018,3.4722222222219514,3.666666666666509,,,,
long_straddle_24h,long_vol_proxy,24,all,0.0,immediate,SPY,1850,0.8394594594594594,3.293953687822015,2.858157619080341,5287.591595298631,35.82441535465105,0.0010000427019387081,0.5254237288135594,0.1535135135135135,0.22054054054054054,3.421580671580413,3.552882072977643,,,,
long_straddle_24h,long_vol_proxy,24,all,0.0,immediate,UNG,1760,0.8363636363636363,3.2857142857143264,2.8137420517782057,4952.186011129642,34.648366706304486,0.004659108669603285,0.5806451612903226,0.17727272727272728,0.2676136363636364,2.9999999999999876,3.285714285714266,,,,
long_straddle_24h,long_vol_proxy,24,all,0.0,immediate,USO,1791,0.8498045784477946,3.7826086956521285,2.893995098827955,5183.145222000868,37.8576276164396,0.0025544703230653276,0.5538461538461539,0.16973757677275264,0.25907314349525407,3.181818181818211,3.26829268292683,,,,
long_straddle_24h,long_vol_proxy,24,all,0.0,delayed,GLD,1383,0.5676066522053507,0.11682242990654279,0.9654248359864508,1335.1825481692615,5.350871989513233,0.005882225261010121,0.9491525423728814,0.2762111352133044,0.4924078091106291,1.042735042735052,1.0285714285714564,,,,
long_straddle_24h,long_vol_proxy,24,all,0.0,delayed,QQQ,1383,0.5256688358640637,0.10975609756101545,1.0935013853561064,1512.3124159474953,4.995428176105086,0.004886117342864704,0.9838709677419355,0.35502530730296455,0.5560375994215474,0.892682926829308,1.4504504504504911,,,,
long_straddle_24h,long_vol_proxy,24,all,0.0,delayed,SLV,1376,0.5334302325581395,0.19047619047618558,1.0075336620268174,1386.3663189489007,5.670798019499452,0.00999432140829093,0.9491525423728814,0.2921511627906977,0.4876453488372093,1.0666666666666693,1.066666666666665,,,,
long_straddle_24h,long_vol_proxy,24,all,0.0,delayed,SPY,1379,0.5765047135605511,0.2439024390241198,1.2128416189094455,1672.5085924761254,5.908266216844312,0.0033630798731471012,0.9672131147540983,0.3488034807831762,0.5257432922407542,0.9762376237623976,1.5139125496876744,,,,
long_straddle_24h,long_vol_proxy,24,all,0.0,delayed,UNG,1365,0.6336996336996337,0.5714285714285654,1.438580416431949,1963.6622684296103,10.110856472616065,0.014233241505968719,0.9814814814814815,0.263003663003663,0.4512820512820513,1.1666666666666963,1.2758620689655173,,,,
long_straddle_24h,long_vol_proxy,24,all,0.0,delayed,USO,1380,0.6652173913043479,0.5483870967741491,1.4244396552904541,1965.7267243008268,8.61082309865931,0.007226382866903025,0.8363636363636363,0.3072463768115942,0.47101449275362317,1.098039215686268,1.6984126984126842,,,,
long_straddle_24h,long_vol_proxy,24,p80,0.8,immediate,GLD,402,0.654228855721393,0.8428961748633241,1.5144076111514682,608.7918596828902,8.770464404345976,0.004527613864334756,0.8983050847457628,0.2562189054726368,0.44776119402985076,1.255597014925398,1.3647839484558064,,,,
long_straddle_24h,long_vol_proxy,24,p80,0.8,immediate,QQQ,418,0.7009569377990431,0.9427300150829385,1.5728804819633788,657.4640414606923,11.676887489501754,0.004904404113675986,0.9008196721311476,0.2535885167464115,0.4090909090909091,1.3912930213170953,1.3891709697163055,,,,
long_straddle_24h,long_vol_proxy,24,p80,0.8,immediate,SLV,351,0.6809116809116809,1.0952380952380927,1.7602881034749007,617.8611243196901,11.81494750721165,0.009207240948813977,0.9016393442622951,0.26495726495726496,0.4017094017094017,1.43478260869562,1.2898550724637599,,,,
long_straddle_24h,long_vol_proxy,24,p80,0.8,immediate,SPY,422,0.6943127962085308,0.8742816091955208,1.4434919922479672,609.1536207286422,10.337837014750534,0.003929897777293467,0.9076923076923077,0.26303317535545023,0.4004739336492891,1.2945508047425496,1.3661957033351642,,,,
long_straddle_24h,long_vol_proxy,24,p80,0.8,immediate,UNG,450,0.7022222222222222,0.7951505016722376,1.3832756498933365,622.4740424520014,10.188691439541408,0.013109303852097631,0.8983050847457628,0.3,0.45111111111111113,1.1893274853801166,1.4529914529914474,,,,
long_straddle_24h,long_vol_proxy,24,p80,0.8,immediate,USO,445,0.7123595505617978,1.0833333333333162,1.6461703910465533,732.5458240157162,11.218151459636143,0.007983517898531911,0.8983050847457628,0.2696629213483146,0.4202247191011236,1.4423076923077034,1.4117647058823086,,,,
long_straddle_24h,long_vol_proxy,24,p80,0.8,delayed,GLD,1094,0.46526508226691043,-0.032258064516100915,0.24595768809535526,269.07771077631867,1.8944804479386417,0.007011035306693447,0.9830508474576272,0.33089579524680074,0.56672760511883,0.8026666666666719,0.7572815533980585,,,,
long_straddle_24h,long_vol_proxy,24,p80,0.8,delayed,QQQ,1063,0.4195672624647225,-0.2177777777777692,0.4714090148381191,501.1077827729206,2.3856849007542484,0.005828751287182632,1.0,0.4233301975540922,0.6312323612417686,0.7253886010363354,1.0250000000000496,,,,
long_straddle_24h,long_vol_proxy,24,p80,0.8,delayed,SLV,988,0.4251012145748988,-0.1629084967320225,0.3472967928778189,343.12923136328504,2.2757499784969153,0.013603125233717483,0.9830508474576272,0.37044534412955465,0.6143724696356275,0.7380073800737986,0.7380952380952236,,,,
long_straddle_24h,long_vol_proxy,24,p80,0.8,delayed,SPY,1055,0.4815165876777251,-0.051612903225830564,0.4742488545608867,500.33254156173547,2.554554672787797,0.004530969174306287,0.9836065573770492,0.442654028436019,0.6426540284360189,0.6761904761904892,1.0617760617760488,,,,
long_straddle_24h,long_vol_proxy,24,p80,0.8,delayed,UNG,1127,0.5661047027506655,0.3170731707317047,0.9208331278582751,1037.778935096276,5.934834637264954,0.019618834080717518,1.0,0.3105590062111801,0.5385980479148181,0.9473684210526281,0.9411764705882365,,,,
long_straddle_24h,long_vol_proxy,24,p80,0.8,delayed,USO,730,0.46164383561643835,-0.07142857142857384,0.217088625139573,158.4746963518883,1.720718661118216,0.013895781637716986,0.9649122807017544,0.46986301369863015,0.6301369863013698,0.5185185185185228,0.8545454545454569,,,,
long_straddle_24h,long_vol_proxy,24,p90,0.9,immediate,GLD,199,0.5979899497487438,0.4680851063829774,1.1008685504305933,219.07284153568804,6.092395973738233,0.006390664073353758,0.953125,0.32663316582914576,0.5226130653266332,0.9583333333333348,1.1366906474820084,,,,
long_straddle_24h,long_vol_proxy,24,p90,0.9,immediate,QQQ,211,0.6303317535545023,0.6808510638298046,1.1674443459048143,246.3307569859158,7.206161000247785,0.00749547253336913,0.9538461538461539,0.26066350710900477,0.46919431279620855,1.0952380952380025,1.1572327044025148,,,,
long_straddle_24h,long_vol_proxy,24,p90,0.9,immediate,SLV,183,0.6557377049180327,0.8152173913043463,1.4016119047900846,256.4949785765855,8.633331215139204,0.013687853996224186,0.9538461538461539,0.28415300546448086,0.4098360655737705,1.2758620689655245,0.9677419354838769,,,,
long_straddle_24h,long_vol_proxy,24,p90,0.9,immediate,SPY,221,0.6877828054298643,0.777777777777753,1.2677221940313006,280.1666048809174,8.703440500357804,0.005500671486652786,0.9538461538461539,0.28054298642533937,0.43891402714932126,1.1741573033706836,1.1589537223340072,,,,
long_straddle_24h,long_vol_proxy,24,p90,0.9,immediate,UNG,223,0.6547085201793722,0.666666666666647,1.0846927757351168,241.88648898893103,6.978528767302725,0.01660735468564667,0.9538461538461539,0.3273542600896861,0.5022421524663677,1.0000000000000273,1.261538461538458,,,,
long_straddle_24h,long_vol_proxy,24,p90,0.9,immediate,USO,219,0.6529680365296804,0.625000000000004,1.2780822591037917,279.90001474373037,7.626279490380097,0.01160365058670143,0.9516129032258065,0.3105022831050228,0.5068493150684932,0.9712230215827395,1.318181818181821,,,,
long_straddle_24h,long_vol_proxy,24,p90,0.9,delayed,GLD,778,0.4665809768637532,-0.027711797307998665,0.10459393901193391,81.37408455128458,1.329767076131364,0.011721869111118055,0.9830508474576272,0.3444730077120823,0.5989717223650386,0.7299270072992828,0.3250000000000011,,,,
long_straddle_24h,long_vol_proxy,24,p90,0.9,delayed,QQQ,847,0.36717827626918537,-0.2908366533864625,0.2588678657038527,219.2610822511632,1.7094307328171363,0.00723619389123098,1.0,0.48642266824085006,0.7237308146399055,0.5361702127659483,0.8978102189781082,,,,
long_straddle_24h,long_vol_proxy,24,p90,0.9,delayed,SLV,815,0.4208588957055215,-0.1780821917808253,0.30132458934773954,245.5795403184077,2.089674809376563,0.016154577130186754,0.9830508474576272,0.39386503067484663,0.6380368098159509,0.7122302158273393,0.6206896551724146,,,,
long_straddle_24h,long_vol_proxy,24,p90,0.9,delayed,SPY,807,0.43370508054522927,-0.3722772277227522,0.2783244957608183,224.60786807898037,1.8056811827548767,0.0059827527183216045,1.0,0.49814126394052044,0.7236679058240396,0.5096525096524788,0.9414316702819752,,,,
long_straddle_24h,long_vol_proxy,24,p90,0.9,delayed,UNG,1044,0.5383141762452107,0.12727272727272432,0.686677302187208,716.8911034834451,4.437558372684883,0.02300000000000002,1.0,0.2998084291187739,0.5440613026819924,0.9411764705882365,0.8888888888888882,,,,
long_straddle_24h,long_vol_proxy,24,p90,0.9,delayed,USO,583,0.411663807890223,-0.15384615384615108,0.02566562444341947,14.96305905051355,1.079471280740865,0.01588352084712119,0.9830508474576272,0.5180102915951973,0.692967409948542,0.48198198198197917,0.7929515418502194,,,,
long_straddle_72h,long_vol_proxy,72,all,0.0,immediate,GLD,1833,0.9056192034915439,5.0,3.6274747411550363,6649.161200537182,78.2820243142846,0.0013187900101656602,0.5076923076923077,,,,,0.10474631751227496,0.16039279869067102,6.310344827585706,6.723529411764755
long_straddle_72h,long_vol_proxy,72,all,0.0,immediate,QQQ,1839,0.9200652528548124,5.0,3.569296190862959,6563.9356949969815,93.14542953397483,0.0012837179070523952,0.5230769230769231,,,,,0.08374116367591082,0.14192495921696574,6.840909090908222,6.165898617511635
long_straddle_72h,long_vol_proxy,72,all,0.0,immediate,SLV,1763,0.8797504254112308,5.0,3.4179321972141006,6025.814463688459,56.08699108312241,0.002261164499717472,0.5084745762711864,,,,,0.1128757799205899,0.18774815655133295,6.000000000000355,6.44444444444469
long_straddle_72h,long_vol_proxy,72,all,0.0,immediate,SPY,1837,0.8965704953728906,5.0,3.462430985512077,6360.485720385685,73.4992038569254,0.0010015492715294005,0.5254237288135594,,,,,0.09744148067501361,0.1491562329885683,6.512195121950861,6.079999999999927
long_straddle_72h,long_vol_proxy,72,all,0.0,immediate,UNG,1748,0.8844393592677345,5.0,3.350001097437182,5855.801918320194,59.91852038319239,0.004705885247757224,0.5846153846153846,,,,,0.11613272311212815,0.17677345537757438,5.249999999999902,5.816666666666604
long_straddle_72h,long_vol_proxy,72,all,0.0,immediate,USO,1778,0.8863892013498312,5.0,3.359105630111666,5972.489810338542,63.210760583493204,0.0025384656573331776,0.5491935483870968,,,,,0.11304836895388076,0.18503937007874016,5.507575757575693,5.823543233082752
long_straddle_72h,long_vol_proxy,72,all,0.0,delayed,GLD,1379,0.7295141406816533,0.9506172839505922,1.6860135366438957,2325.0126670319323,13.27972988726604,0.005882225261010121,0.9491525423728814,,,,,0.11747643219724438,0.28426395939086296,1.8946666666666716,1.5025380710659586
long_straddle_72h,long_vol_proxy,72,all,0.0,delayed,QQQ,1379,0.7454677302393038,1.3391812865497097,1.8756731725338598,2586.5533049241926,14.031596595673005,0.004886117342864704,0.9838709677419355,,,,,0.2124728063814358,0.34662799129804206,1.5733333333333424,2.5882352941177915
long_straddle_72h,long_vol_proxy,72,all,0.0,delayed,SLV,1372,0.6530612244897959,0.7999999999999716,1.6914561027759505,2320.677773008604,11.220109247133966,0.010151312009193614,0.9491525423728814,,,,,0.13338192419825073,0.26822157434402333,2.294117647058828,1.5789473684210567
long_straddle_72h,long_vol_proxy,72,all,0.0,delayed,SPY,1375,0.7352727272727273,1.2753623188405774,1.958899071089285,2693.486222747767,16.10017034406398,0.0034060148139334334,0.9672131147540983,,,,,0.20581818181818182,0.2923636363636364,1.7857142857142987,2.778067885117475
long_straddle_72h,long_vol_proxy,72,all,0.0,delayed,UNG,1361,0.6936076414401176,1.3404255319148897,1.8794729028727322,2557.9626208097884,12.678464584589067,0.014233241505968719,0.9814814814814815,,,,,0.16311535635562086,0.27553269654665685,2.3749999999999916,2.2571428571428593
long_straddle_72h,long_vol_proxy,72,all,0.0,delayed,USO,1376,0.752906976744186,1.5094339622641693,2.114808131264427,2909.9759886198513,19.273816101136045,0.007176079734219298,0.819672131147541,,,,,0.1816860465116279,0.3117732558139535,2.215686274509773,2.4999999999999916
long_straddle_72h,long_vol_proxy,72,p80,0.8,immediate,GLD,399,0.8020050125313283,2.2663043478261264,2.384376553726101,951.3662449367143,23.308990823146818,0.004544153427794351,0.8983050847457628,,,,,0.16541353383458646,0.2907268170426065,2.485507246376825,2.324324324324302
long_straddle_72h,long_vol_proxy,72,p80,0.8,immediate,QQQ,416,0.7980769230769231,1.6843265993265426,2.1789210133052936,906.4311415350022,24.269631961916,0.004931557066192083,0.9016393442622951,,,,,0.1658653846153846,0.27163461538461536,2.4774477193630933,2.5214400150786656
long_straddle_72h,long_vol_proxy,72,p80,0.8,immediate,SLV,347,0.7579250720461095,2.67500000000001,2.4432936041414695,847.82288063709,19.44579647484613,0.009207240948813977,0.9016393442622951,,,,,0.17579250720461095,0.28530259365994237,2.5643274853801143,2.807692307692331
long_straddle_72h,long_vol_proxy,72,p80,0.8,immediate,SPY,421,0.7624703087885986,1.459459459459497,2.0320236659020803,855.4819633447757,19.203846824924366,0.003933784264862794,0.9076923076923077,,,,,0.17339667458432304,0.27790973871733965,2.2187499999999756,2.603375527426138
long_straddle_72h,long_vol_proxy,72,p80,0.8,immediate,UNG,450,0.8,1.9460227272727364,2.200072433974844,990.0325952886799,20.97275854868455,0.013109303852097631,0.8983050847457628,,,,,0.20222222222222222,0.3088888888888889,2.262422360248439,2.679487179487185
long_straddle_72h,long_vol_proxy,72,p80,0.8,immediate,USO,435,0.7770114942528735,2.0123456790123346,2.238708936580142,973.8383874123617,21.497439618037042,0.007968127490040056,0.8983050847457628,,,,,0.19080459770114944,0.3080459770114943,2.28205128205128,2.479166666666641
long_straddle_72h,long_vol_proxy,72,p80,0.8,delayed,GLD,1091,0.6654445462878094,0.3745019920318713,1.017859438639872,1110.4846475561003,6.978597034650988,0.007011035306693447,0.9830508474576272,,,,,0.13932172318973418,0.3437213565536205,1.5723014256619003,1.0285714285714564
long_straddle_72h,long_vol_proxy,72,p80,0.8,delayed,QQQ,1063,0.6999059266227657,0.7505567928730508,1.2953980011126631,1377.0080751827609,8.583975689823182,0.005828751287182632,1.0,,,,,0.2502351834430856,0.3922859830667921,1.2645228215767517,2.2362204724409795
long_straddle_72h,long_vol_proxy,72,p80,0.8,delayed,SLV,985,0.5543147208121827,0.42307692307691824,0.8981310721367,884.6591060546494,5.100868541511779,0.014056224899598346,0.9830508474576272,,,,,0.16446700507614212,0.3380710659898477,1.7710843373493999,1.0
long_straddle_72h,long_vol_proxy,72,p80,0.8,delayed,SPY,1055,0.6672985781990521,0.7331378299120304,1.268875045455303,1338.6631729553446,8.620138552023052,0.004530969174306287,0.9836065573770492,,,,,0.25781990521327014,0.35165876777251187,1.5263157894736168,2.194736842105268
long_straddle_72h,long_vol_proxy,72,p80,0.8,delayed,UNG,1126,0.6349911190053286,0.8095238095237975,1.34101180060076,1509.979287476456,8.041748305242146,0.019628148158183534,1.0,,,,,0.1891651865008881,0.325044404973357,1.6818181818181734,1.375000000000001
long_straddle_72h,long_vol_proxy,72,p80,0.8,delayed,USO,726,0.6363636363636364,0.3243243243243388,0.8729079609704604,633.7311796645542,6.056215090099713,0.013895781637716986,0.9649122807017544,,,,,0.2865013774104683,0.4476584022038568,1.2291666666666339,1.6769230769230725
long_straddle_72h,long_vol_proxy,72,p90,0.9,immediate,GLD,198,0.7272727272727273,1.5578512396693902,1.969668655635714,389.9943938158714,15.150166457191013,0.0064262711196746425,0.953125,,,,,0.2222222222222222,0.35353535353535354,1.825473472971284,1.73054903013626
long_straddle_72h,long_vol_proxy,72,p90,0.9,immediate,QQQ,211,0.7488151658767772,1.1535508637235985,1.8312620912984707,386.3963012639773,17.946267162626214,0.00749547253336913,0.9538461538461539,,,,,0.17535545023696683,0.3127962085308057,2.0182648401825793,2.1549636803874335
long_straddle_72h,long_vol_proxy,72,p90,0.9,immediate,SLV,180,0.6944444444444444,2.084968794646213,2.066759188087823,372.0166538558081,12.283308763266145,0.013809160674577603,0.9538461538461539,,,,,0.19444444444444445,0.31666666666666665,2.1585917312661573,1.772765246449461
long_straddle_72h,long_vol_proxy,72,p90,0.9,immediate,SPY,221,0.6968325791855203,1.1764705882353597,1.8212295702853567,402.49173503306383,13.488991872849022,0.005500671486652786,0.9538461538461539,,,,,0.19004524886877827,0.3257918552036199,1.9666666666666133,1.999999999999858
long_straddle_72h,long_vol_proxy,72,p90,0.9,immediate,UNG,223,0.7713004484304933,1.4285714285714333,1.8829305066867115,419.89350299113664,16.134208685295075,0.01660735468564667,0.9538461538461539,,,,,0.21973094170403587,0.35874439461883406,1.6981132075471634,2.2647058823529407
long_straddle_72h,long_vol_proxy,72,p90,0.9,immediate,USO,212,0.7405660377358491,1.7803921568627508,2.1084925504422047,447.0004206937474,18.896817018791282,0.01168892754811146,0.951216287678477,,,,,0.24056603773584906,0.4056603773584906,1.4270361990950269,1.9916666666666685
long_straddle_72h,long_vol_proxy,72,p90,0.9,delayed,GLD,775,0.5961290322580645,0.1774193548387153,0.6901736265787006,534.884560598493,4.384318827935305,0.011721869111118055,0.9830508474576272,,,,,0.14967741935483872,0.3961290322580645,1.4442105263157923,0.6880222841225593
long_straddle_72h,long_vol_proxy,72,p90,0.9,delayed,QQQ,847,0.6587957497048406,0.6925972396486828,1.055144033017987,893.7069959662351,6.518975805939541,0.00723619389123098,1.0,,,,,0.2857142857142857,0.4427390791027155,1.0952380952381184,1.771349862258973
long_straddle_72h,long_vol_proxy,72,p90,0.9,delayed,SLV,815,0.5153374233128835,0.23333333333333095,0.7061292048407787,575.4953019452346,4.1617835532106175,0.016154577130186754,0.9830508474576272,,,,,0.17791411042944785,0.37791411042944784,1.666666666666643,1.0
long_straddle_72h,long_vol_proxy,72,p90,0.9,delayed,SPY,807,0.6121437422552665,0.29207920792077413,0.977236782312309,788.6300833260334,6.154068182389952,0.0059827527183216045,1.0,,,,,0.31226765799256506,0.4312267657992565,1.2125813449023894,1.5959302325581697
long_straddle_72h,long_vol_proxy,72,p90,0.9,delayed,UNG,1043,0.6088207094918504,0.7000000000000053,1.1432092543522734,1192.3672522894212,6.605385413130176,0.02300000000000002,1.0,,,,,0.16874400767018216,0.31543624161073824,1.6818181818181734,1.3333333333333333
long_straddle_72h,long_vol_proxy,72,p90,0.9,delayed,USO,579,0.5975820379965457,0.17647058823529282,0.7199102489472968,416.8280341404849,4.892650964494342,0.015127272727272878,0.9830508474576272,,,,,0.3160621761658031,0.48704663212435234,1.0185185185185148,1.4710144927536137
