threshold_label,min_entry_abs_ret_slot_percentile,futures_symbol,event_day_bucket,entry_window_minutes,stop_units,time_stop_hours,trade_count,win_rate,median_r,mean_r,total_r,profit_factor,target_rate,stop_rate,time_stop_rate,median_hold_minutes,median_entry_abs_return,median_entry_abs_ret_slot_percentile,median_event_to_entry_minutes,median_anchor_delay_minutes,median_risk_distance_abs_return,median_reward_to_target_r,median_max_adverse_units,median_max_favorable_units,weekend_trade_share
all,0.0,CL,weekday,30,0.75,12,624,0.45032051282051283,-0.9999999999999529,0.04576050806813497,28.55455703451622,1.0878867603001432,0.4150641025641026,0.5160256410256411,0.06891025641025642,85.0,0.006467743175999352,0.8813559322033898,413.5,383.5,0.004850807381999478,1.3333333333333333,0.7500000000000444,0.7564983888292227,0.0
all,0.0,CL,weekday,30,0.75,24,623,0.4478330658105939,-0.9999999999999408,0.0449716738168224,28.017352787880355,1.085566683615069,0.42215088282504015,0.5152487961476726,0.06260032102728733,85.0,0.006488824801730186,0.8813559322033898,414.0,384.0,0.004866618601297642,1.3333333333333333,0.7500000000000444,0.7586206896551894,0.0
all,0.0,CL,weekday,30,1.0,12,624,0.5176282051282052,0.13389121338912144,0.04573033501826769,28.535729051399038,1.1054337462033876,0.46634615384615385,0.42467948717948717,0.10897435897435898,105.0,0.006467743175999352,0.8813559322033898,413.5,383.5,0.006467743175999304,1.0,0.8064449064449151,0.8768472906404503,0.0
all,0.0,CL,weekday,30,1.0,24,623,0.5232744783306581,0.3846153846153808,0.05079186732169053,31.6433333414132,1.1152168984699538,0.4767255216693419,0.4301765650080257,0.09309791332263243,105.0,0.006488824801730186,0.8813559322033898,414.0,384.0,0.00648882480173019,1.0,0.8000000000000143,0.9117647058823505,0.0
all,0.0,CL,weekday,60,0.75,12,624,0.46153846153846156,-0.9999999999997632,0.020518430960737674,12.803500919500308,1.0400858434354263,0.38301282051282054,0.5032051282051282,0.11378205128205128,100.0,0.006793487242107821,0.8032786885245902,443.5,383.5,0.0050951154315809,1.3333333333333333,0.7500000000000149,0.7180060323258992,0.0
all,0.0,CL,weekday,60,0.75,24,623,0.4462279293739968,-0.9999999999999661,0.015176127548408422,9.454727462658447,1.028418654861009,0.391653290529695,0.5280898876404494,0.08025682182985554,100.0,0.006791800444554186,0.8032786885245902,444.0,384.0,0.0050938503334156315,1.3333333333333333,0.7555555555555583,0.7656765676567678,0.0
all,0.0,CL,weekday,60,1.0,12,624,0.5368589743589743,0.1555555555555516,0.043582173625067805,27.19527634204231,1.1028662745204,0.44551282051282054,0.41185897435897434,0.14262820512820512,120.0,0.006793487242107821,0.8032786885245902,443.5,383.5,0.006793487242107866,1.0,0.7592592592592642,0.8594924812030069,0.0
all,0.0,CL,weekday,60,1.0,24,623,0.5232744783306581,0.2615384615384638,0.0315491395332035,19.65511392918578,1.0702559685874475,0.4590690208667737,0.434991974317817,0.10593900481540931,120.0,0.006791800444554186,0.8032786885245902,444.0,384.0,0.006791800444554175,1.0,0.830188679245277,0.9062499999999966,0.0
all,0.0,CL,weekday,90,0.75,12,627,0.529505582137161,0.1886178861788569,0.177974265609897,111.5898645374054,1.402091617541864,0.4370015948963317,0.430622009569378,0.13237639553429026,115.0,0.007154116648478315,0.7818181818181819,473.0,383.0,0.005365587486358707,1.3333333333333333,0.6271186440678007,0.8852459016393553,0.0
all,0.0,CL,weekday,90,0.75,24,626,0.5207667731629393,0.21978021978022086,0.17091757227692378,106.99440024535429,1.366238459653873,0.4472843450479233,0.45527156549520764,0.09744408945686901,115.0,0.007154116648478315,0.7818181818181819,473.5,383.5,0.005365587486358707,1.3333333333333333,0.6271186440678007,0.9042119565217357,0.0
all,0.0,CL,weekday,90,1.0,12,627,0.6156299840510366,1.0,0.2072240606430354,129.9294860231832,1.6108726956019725,0.5151515151515151,0.3253588516746411,0.1594896331738437,145.0,0.007154116648478315,0.7818181818181819,473.0,383.0,0.007154116648478276,1.0,0.6271186440678007,1.0,0.0
all,0.0,CL,weekday,90,1.0,24,626,0.6070287539936102,1.0,0.19431798696103506,121.64305983760794,1.5269869259205993,0.5319488817891374,0.3450479233226837,0.12300319488817892,145.0,0.007154116648478315,0.7818181818181819,473.5,383.5,0.007154116648478276,1.0,0.6271186440678007,1.0,0.0
all,0.0,CL,weekend,30,0.75,12,757,0.583883751651255,0.7909356725146189,0.324345710555107,245.52970289021602,1.8960747028566949,0.4914134742404227,0.3527080581241744,0.15587846763540292,140.0,0.007776261937244122,0.9473684210526315,1842.0,1812.0,0.005832196452933082,1.3333333333333333,0.3962264150943359,0.8965517241379276,1.0
all,0.0,CL,weekend,30,0.75,24,757,0.571994715984148,1.3333333333333333,0.31158954921962567,235.87328875925664,1.809038026066426,0.5046235138705416,0.3579920739762219,0.13738441215323646,140.0,0.007776261937244122,0.9473684210526315,1842.0,1812.0,0.005832196452933082,1.3333333333333333,0.46666666666669615,1.0,1.0
all,0.0,CL,weekend,30,1.0,12,757,0.6618229854689565,1.0,0.2964985263329654,224.44938443405482,2.104866079374581,0.5376486129458389,0.24966974900924702,0.21268163804491413,180.0,0.007776261937244122,0.9473684210526315,1842.0,1812.0,0.007776261937244109,1.0,0.3962264150943359,1.0,1.0
all,0.0,CL,weekend,30,1.0,24,757,0.6605019815059445,1.0,0.30264843146544007,229.10486261933812,2.048482633137048,0.5508586525759577,0.26420079260237783,0.18494055482166447,180.0,0.007776261937244122,0.9473684210526315,1842.0,1812.0,0.007776261937244109,1.0,0.46666666666669615,1.0,1.0
all,0.0,CL,weekend,60,0.75,12,757,0.582562747688243,0.2074074074074021,0.2222647347410116,168.2544041989458,1.5677271770789445,0.4200792602377807,0.3857331571994716,0.19418758256274768,125.0,0.008182190099550013,0.9122807017543859,1872.0,1812.0,0.006136642574662572,1.3333333333333333,0.49099099099098636,0.7263157894736797,1.0
all,0.0,CL,weekend,60,0.75,24,757,0.5482166446499339,0.3992869875222823,0.2031547868954213,153.78817367983393,1.4715548590682277,0.4332892998678996,0.42668428005284015,0.14002642007926025,125.0,0.008182190099550013,0.9122807017543859,1872.0,1812.0,0.006136642574662572,1.3333333333333333,0.5806451612903403,0.7980769230769303,1.0
all,0.0,CL,weekend,60,1.0,12,757,0.6340819022457067,0.4278074866310135,0.16351315142863626,123.77945563147766,1.486328216680675,0.4583883751651255,0.31968295904887717,0.22192866578599735,130.0,0.008182190099550013,0.9122807017543859,1872.0,1812.0,0.008182190099550096,1.0,0.49099099099098636,0.8225806451612696,1.0
all,0.0,CL,weekend,60,1.0,24,757,0.5997357992073976,0.6354625550660795,0.15395674412961596,116.54525530611929,1.4127053743223401,0.4848084544253633,0.34346103038309117,0.17173051519154559,130.0,0.008182190099550013,0.9122807017543859,1872.0,1812.0,0.008182190099550096,1.0,0.5806451612903403,0.8928571428571392,1.0
all,0.0,CL,weekend,90,0.75,12,744,0.521505376344086,0.08523592085235937,0.07052436084275558,52.47012446701015,1.1549677487283085,0.3481182795698925,0.43951612903225806,0.21236559139784947,120.0,0.006894610946953872,0.7719298245614035,1905.5,1815.5,0.005170958210215377,1.3333333333333333,0.4761904761904311,0.7193932827735646,1.0
all,0.0,CL,weekend,90,0.75,24,744,0.4986559139784946,-0.9635854341736707,0.05914149358127057,44.001271224465306,1.118081152717291,0.36155913978494625,0.4879032258064516,0.15053763440860216,120.0,0.006894610946953872,0.7719298245614035,1905.5,1815.5,0.005170958210215377,1.3333333333333333,0.722689075630253,0.8110091743119265,1.0
all,0.0,CL,weekend,90,1.0,12,744,0.635752688172043,0.5136363636363609,0.18728685547094462,139.3414204703828,1.5831363184772946,0.46236559139784944,0.30376344086021506,0.23387096774193547,142.5,0.006894610946953872,0.7719298245614035,1905.5,1815.5,0.006894610946953836,1.0,0.4761904761904311,0.864197530864181,1.0
all,0.0,CL,weekend,90,1.0,24,744,0.6263440860215054,0.7317073170731719,0.18130084167248495,134.8878262043288,1.4948377318020964,0.489247311827957,0.3185483870967742,0.1922043010752688,142.5,0.006894610946953872,0.7719298245614035,1905.5,1815.5,0.006894610946953836,1.0,0.722689075630253,1.0,1.0
all,0.0,MES,weekday,30,0.75,12,627,0.4688995215311005,-0.9670033670033666,0.09720778796034762,60.94928305113796,1.1909978119925884,0.44976076555023925,0.4960127591706539,0.05422647527910686,195.0,0.002357063226628542,0.9384615384615385,412.0,382.0,0.0017677974199713548,1.3333333333333333,0.7440476190476412,0.9591836734694257,0.0
all,0.0,MES,weekday,30,0.75,24,626,0.4696485623003195,-0.9999999999995789,0.10064902097413786,63.0062871298103,1.197990028113177,0.4504792332268371,0.5063897763578274,0.04313099041533546,195.0,0.002373993206393643,0.9384615384615385,412.5,382.5,0.001780494904795188,1.3333333333333333,0.7511520737327113,0.9591836734694257,0.0
all,0.0,MES,weekday,30,1.0,12,627,0.5231259968102073,0.4599303135888669,0.059774799908419156,37.47879954257881,1.1341150898392791,0.4960127591706539,0.4258373205741627,0.07814992025518341,200.0,0.002357063226628542,0.9384615384615385,412.0,382.0,0.002357063226628473,1.0,0.7440476190476412,1.0042194092826966,0.0
all,0.0,MES,weekday,30,1.0,24,626,0.5271565495207667,1.0,0.07118538128979332,44.562048687410616,1.161716472061383,0.5047923322683706,0.42971246006389774,0.06549520766773163,200.0,0.002373993206393643,0.9384615384615385,412.5,382.5,0.002373993206393584,1.0,0.7750829187396129,1.0042194092826966,0.0
all,0.0,MES,weekday,60,0.75,12,623,0.5248796147672552,0.8105263157894642,0.2258975116549818,140.73414976105366,1.5006193514331658,0.49919743178170145,0.44141252006420545,0.0593900481540931,180.0,0.00259956994768773,0.9076923076923077,444.0,384.0,0.0019496774607657555,1.3333333333333333,0.6455026455026646,1.0029069767441834,0.0
all,0.0,MES,weekday,60,0.75,24,622,0.5241157556270096,1.3333333333333333,0.23371878922656844,145.37308689892558,1.5178886041263409,0.5048231511254019,0.4405144694533762,0.05466237942122187,180.0,0.00259956994768773,0.9076923076923077,444.0,384.0,0.0019496774607657555,1.3333333333333333,0.6488382792731323,1.0029069767441834,0.0
all,0.0,MES,weekday,60,1.0,12,623,0.5858747993579454,1.0,0.18329760145660315,114.19440570746376,1.476448272745438,0.5569823434991974,0.3723916532905297,0.07062600321027288,180.0,0.00259956994768773,0.9076923076923077,444.0,384.0,0.002599569947687674,1.0,0.6455026455026646,1.0156250000000453,0.0
all,0.0,MES,weekday,60,1.0,24,622,0.5884244372990354,1.0,0.1937039481190349,120.4838557300397,1.5078978201641056,0.5659163987138264,0.37138263665594856,0.06270096463022508,180.0,0.00259956994768773,0.9076923076923077,444.0,384.0,0.002599569947687674,1.0,0.6488382792731323,1.0222222222221997,0.0
all,0.0,MES,weekday,90,0.75,12,622,0.5369774919614148,1.3333333333333333,0.23780286874519,147.91338435950817,1.5305875466863141,0.5048231511254019,0.43569131832797425,0.0594855305466238,150.0,0.0025557881038457686,0.883300916921367,473.5,383.5,0.001916841077884283,1.3333333333333333,0.6105006105005547,1.0032894736842075,0.0
all,0.0,MES,weekday,90,0.75,24,621,0.5362318840579711,1.3333333333333333,0.25017548754540003,155.35897776569342,1.5598879154950964,0.5104669887278583,0.4363929146537842,0.05314009661835749,150.0,0.0025572405590247316,0.8852459016393442,474.0,384.0,0.0019179304192685407,1.3333333333333333,0.6111111111109707,1.0032894736842075,0.0
all,0.0,MES,weekday,90,1.0,12,622,0.5819935691318328,1.0,0.16210047991046508,100.82649850430928,1.4078937355178438,0.5498392282958199,0.38263665594855306,0.06752411575562701,150.0,0.0025557881038457686,0.883300916921367,473.5,383.5,0.0025557881038457105,1.0,0.6105006105005547,1.0138189036493994,0.0
all,0.0,MES,weekday,90,1.0,24,621,0.5845410628019324,1.0,0.17506339396964166,108.71436765514747,1.445480190195966,0.5555555555555556,0.38164251207729466,0.06280193236714976,150.0,0.0025572405590247316,0.8852459016393442,474.0,384.0,0.0025572405590247207,1.0,0.6111111111109707,1.0198511166252917,0.0
all,0.0,MES,weekend,30,0.75,12,757,0.5019815059445178,0.12544802867380545,0.1991730944131177,150.7740324707301,1.467483659044918,0.4583883751651255,0.39762219286657857,0.14398943196829592,295.0,0.004183594870942775,0.9830508474576272,1842.0,1812.0,0.0031376961532071502,1.3333333333333333,0.5897435897431936,0.9304347826086939,1.0
all,0.0,MES,weekend,30,0.75,24,757,0.5151915455746368,0.3620071684587865,0.20195948132718478,152.88332736467888,1.4612549674129742,0.4583883751651255,0.42932628797886396,0.11228533685601057,295.0,0.004183594870942775,0.9830508474576272,1842.0,1812.0,0.0031376961532071502,1.3333333333333333,0.5999999999999536,0.9304347826086939,1.0
all,0.0,MES,weekend,30,1.0,12,757,0.5151915455746368,0.09408602150535408,0.08788619199448396,66.52984733982436,1.2229234226639094,0.4715984147952444,0.3513870541611625,0.17701453104359313,295.0,0.004183594870942775,0.9830508474576272,1842.0,1812.0,0.004183594870942867,1.0,0.5897435897431936,0.9530026109660413,1.0
all,0.0,MES,weekend,30,1.0,24,757,0.5429326287978864,0.42072630646590037,0.10294568200036869,77.9298812742791,1.2629430544018059,0.4715984147952444,0.36459709379128136,0.16380449141347425,295.0,0.004183594870942775,0.9830508474576272,1842.0,1812.0,0.004183594870942867,1.0,0.5999999999999536,0.9530026109660413,1.0
all,0.0,MES,weekend,60,0.75,12,757,0.4623513870541612,-0.07311399135926483,0.09104345500195894,68.91989543648292,1.1931388542867423,0.40554821664464996,0.45046235138705415,0.14398943196829592,285.0,0.004502192435730246,0.9830508474576272,1872.0,1812.0,0.0033766443267976326,1.3333333333333333,0.6568047337278416,0.8467153284671273,1.0
all,0.0,MES,weekend,60,0.75,24,757,0.4623513870541612,-0.05455537370431026,0.09412900489801271,71.25565670779562,1.1956697235977762,0.40554821664464996,0.45046235138705415,0.14398943196829592,285.0,0.004502192435730246,0.9830508474576272,1872.0,1812.0,0.0033766443267976326,1.3333333333333333,0.6761904761904892,0.8467153284671273,1.0
all,0.0,MES,weekend,60,1.0,12,757,0.5310435931307794,0.40795631825272993,0.10713690953686335,81.10264051940555,1.2794540498857565,0.47424042272126815,0.34478203434610305,0.1809775429326288,290.0,0.004502192435730246,0.9830508474576272,1872.0,1812.0,0.004502192435730176,1.0,0.6568047337278416,0.96095444685465,1.0
all,0.0,MES,weekend,60,1.0,24,757,0.5455746367239102,0.5522620904836204,0.1244915625039354,94.2401128154791,1.330512614904303,0.47424042272126815,0.34478203434610305,0.1809775429326288,290.0,0.004502192435730246,0.9830508474576272,1872.0,1812.0,0.004502192435730176,1.0,0.6761904761904892,0.96095444685465,1.0
all,0.0,MES,weekend,90,0.75,12,757,0.4914134742404227,-0.1132719208461334,0.09422805375596008,71.33063669326178,1.1995846926042706,0.4081902245706737,0.4478203434610304,0.14398943196829592,240.0,0.004267550484682303,0.9491525423728814,1902.0,1812.0,0.0032006628635116753,1.3333333333333333,0.6452830188679085,0.8609271523178559,1.0
all,0.0,MES,weekend,90,0.75,24,757,0.4914134742404227,-0.2266288951841463,0.1084126430591558,82.06837079578094,1.2246292962475906,0.4081902245706737,0.4610303830911493,0.130779392338177,240.0,0.004267550484682303,0.9491525423728814,1902.0,1812.0,0.0032006628635116753,1.3333333333333333,0.7081081081080904,0.8609271523178559,1.0
all,0.0,MES,weekend,90,1.0,12,757,0.5561426684280053,0.086161879895544,0.10025283147433564,75.89139342607209,1.2575618533708663,0.47291941875825627,0.34610303830911493,0.1809775429326288,250.0,0.004267550484682303,0.9491525423728814,1902.0,1812.0,0.004267550484682234,1.0,0.6452830188679085,0.9559902200488846,1.0
all,0.0,MES,weekend,90,1.0,24,757,0.570673712021136,0.44125326370756474,0.12540088357101623,94.92846886325928,1.3269937379869183,0.47291941875825627,0.34610303830911493,0.1809775429326288,250.0,0.004267550484682303,0.9491525423728814,1902.0,1812.0,0.004267550484682234,1.0,0.7081081081080904,0.9559902200488846,1.0
all,0.0,MNQ,weekday,30,0.75,12,627,0.4704944178628389,-0.9999999999996555,0.11070632038216803,69.41286287961935,1.2153840019591344,0.46730462519936206,0.5055821371610846,0.02711323763955343,180.0,0.002986634809228672,0.9538461538461539,412.0,382.0,0.002239976106921558,1.3333333333333333,0.7540650406504201,1.0068376068376201,0.0
all,0.0,MNQ,weekday,30,0.75,24,626,0.4776357827476038,-0.9999999999996555,0.1159662148688501,72.59485050790016,1.227064136087556,0.4680511182108626,0.5047923322683706,0.027156549520766772,182.5,0.002986634809228672,0.9538461538461539,412.5,382.5,0.002239976106921558,1.3333333333333333,0.7538441145281001,1.0068376068376201,0.0
all,0.0,MNQ,weekday,30,1.0,12,627,0.583732057416268,1.0,0.19181481921700905,120.26789164906467,1.4918973445455395,0.580542264752791,0.3748006379585327,0.044657097288676235,210.0,0.002986634809228672,0.9538461538461539,412.0,382.0,0.0029866348092287436,1.0,0.7558139534884658,1.030769230769202,0.0
all,0.0,MNQ,weekday,30,1.0,24,626,0.5910543130990416,1.0,0.19748025868643898,123.6226419377108,1.5116691940916342,0.5814696485623003,0.3738019169329074,0.04472843450479233,210.0,0.002986634809228672,0.9538461538461539,412.5,382.5,0.0029866348092287436,1.0,0.7547185709471229,1.030769230769202,0.0
all,0.0,MNQ,weekday,60,0.75,12,627,0.5821371610845295,1.3333333333333333,0.3672526122409217,230.2673878750579,1.9147643407957646,0.5757575757575758,0.3939393939393939,0.030303030303030304,170.0,0.0031193284936480437,0.8813559322033898,442.0,382.0,0.0023394963702360635,1.3333333333333333,0.499999999999884,1.0328947368420733,0.0
all,0.0,MNQ,weekday,60,0.75,24,626,0.5894568690095847,1.3333333333333333,0.373044551512318,233.52588924671107,1.935847917209005,0.5766773162939297,0.3929712460063898,0.03035143769968051,170.0,0.0031193284936480437,0.883300916921367,442.5,382.5,0.0023394963702360635,1.3333333333333333,0.499999999999884,1.0344268204758342,0.0
all,0.0,MNQ,weekday,60,1.0,12,627,0.6682615629984051,1.0,0.35473206829419923,222.41700682046292,2.159149133568899,0.6586921850079744,0.2934609250398724,0.04784688995215311,180.0,0.0031193284936480437,0.8813559322033898,442.0,382.0,0.0031193284936480844,1.0,0.499999999999884,1.058355437665758,0.0
all,0.0,MNQ,weekday,60,1.0,24,626,0.6805111821086262,1.0,0.36379346967574083,227.73471201701375,2.202475611346635,0.6629392971246006,0.29233226837060705,0.04472843450479233,180.0,0.0031193284936480437,0.883300916921367,442.5,382.5,0.0031193284936480844,1.0,0.499999999999884,1.060308515014389,0.0
all,0.0,MNQ,weekday,90,0.75,12,627,0.6028708133971292,1.3333333333333333,0.4034159936203496,252.9418279999592,2.044431031075447,0.5901116427432217,0.3700159489633174,0.03987240829346093,150.0,0.0033160099286380085,0.8983050847457628,472.0,382.0,0.0024870074464784894,1.3333333333333333,0.4502369668246093,1.0405405405405033,0.0
all,0.0,MNQ,weekday,90,0.75,24,626,0.6006389776357828,1.3333333333333333,0.41166333276476924,257.70124631074555,2.078754223684944,0.5910543130990416,0.36900958466453676,0.039936102236421724,150.0,0.0033160099286380085,0.8983050847457628,472.5,382.5,0.0024870074464784894,1.3333333333333333,0.4497561645717273,1.0405405405405033,0.0
all,0.0,MNQ,weekday,90,1.0,12,627,0.6794258373205742,1.0,0.36468057680118277,228.65472165434159,2.215496509077488,0.6570972886762361,0.28548644338118023,0.05741626794258373,150.0,0.0033160099286380085,0.8983050847457628,472.0,382.0,0.003316009928637986,1.0,0.4502369668246093,1.0608899297423853,0.0
all,0.0,MNQ,weekday,90,1.0,24,626,0.6821086261980831,1.0,0.37902842686429883,237.27179521705108,2.287894101297776,0.6677316293929713,0.28434504792332266,0.04792332268370607,150.0,0.0033160099286380085,0.8983050847457628,472.5,382.5,0.003316009928637986,1.0,0.4497561645717273,1.0608899297423853,0.0
all,0.0,MNQ,weekend,30,0.75,12,757,0.5151915455746368,1.3333333333333333,0.24486635429279385,185.36383019964495,1.5539264638076442,0.5151915455746368,0.42800528401585203,0.05680317040951123,210.0,0.005977267307845091,0.9830508474576272,1842.0,1812.0,0.004482950480883862,1.3333333333333333,0.6399506781750991,1.0197287299630118,1.0
all,0.0,MNQ,weekend,30,0.75,24,757,0.5548216644649934,1.3333333333333333,0.26295589666244434,199.05761377347037,1.6047861838134383,0.5151915455746368,0.42800528401585203,0.05680317040951123,210.0,0.005977267307845091,0.9830508474576272,1842.0,1812.0,0.004482950480883862,1.3333333333333333,0.6399506781750991,1.0197287299630118,1.0
all,0.0,MNQ,weekend,30,1.0,12,757,0.678996036988111,1.0,0.3922521661311199,296.93488976125775,2.4411806618665413,0.6618229854689565,0.24570673712021135,0.09247027741083223,210.0,0.005977267307845091,0.9830508474576272,1842.0,1812.0,0.005977267307845149,1.0,0.6399506781750991,1.032812500000006,1.0
all,0.0,MNQ,weekend,30,1.0,24,757,0.7186261558784677,1.0,0.42283276247649576,320.0844011947073,2.599928527216712,0.678996036988111,0.24570673712021135,0.07529722589167767,210.0,0.005977267307845091,0.9830508474576272,1842.0,1812.0,0.005977267307845149,1.0,0.6399506781750991,1.0435097897026848,1.0
all,0.0,MNQ,weekend,60,0.75,12,757,0.5772787318361955,1.3333333333333333,0.39322927552594733,297.6745615731421,2.0445010800402903,0.5772787318361955,0.36591809775429324,0.05680317040951123,180.0,0.0055414620103990675,1.0,1872.0,1812.0,0.00415609650779933,1.3333333333333333,0.45357142857147004,1.0233463035019692,1.0
all,0.0,MNQ,weekend,60,0.75,24,757,0.6169088507265522,1.3333333333333333,0.40963356173008275,310.09260622967264,2.1034943855099377,0.5772787318361955,0.36591809775429324,0.05680317040951123,180.0,0.0055414620103990675,1.0,1872.0,1812.0,0.00415609650779933,1.3333333333333333,0.45357142857147004,1.0233463035019692,1.0
all,0.0,MNQ,weekend,60,1.0,12,757,0.6420079260237781,1.0,0.32906419098632317,249.10159257664662,2.107718239863915,0.6248348745046235,0.27344782034346105,0.10171730515191546,180.0,0.0055414620103990675,1.0,1872.0,1812.0,0.0055414620103991065,1.0,0.45357142857147004,1.0443458980044364,1.0
all,0.0,MNQ,weekend,60,1.0,24,757,0.6816380449141347,1.0,0.3552595462750038,268.93147653017786,2.2038370963878022,0.6420079260237781,0.27344782034346105,0.0845442536327609,180.0,0.0055414620103990675,1.0,1872.0,1812.0,0.0055414620103991065,1.0,0.45357142857147004,1.0443458980044364,1.0
all,0.0,MNQ,weekend,90,0.75,12,757,0.5455746367239102,1.3333333333333333,0.26471421305876214,200.38865928548293,1.6115088711068835,0.5191545574636723,0.40554821664464996,0.07529722589167767,150.0,0.005977267307845091,0.9322033898305084,1902.0,1812.0,0.004482950480883862,1.3333333333333333,0.5777777777777922,1.0152963671128132,1.0
all,0.0,MNQ,weekend,90,0.75,24,757,0.5587846763540291,1.3333333333333333,0.2889970207350444,218.7707446964286,1.6804521015827498,0.5191545574636723,0.40554821664464996,0.07529722589167767,150.0,0.005977267307845091,0.9322033898305084,1902.0,1812.0,0.004482950480883862,1.3333333333333333,0.5777777777777922,1.0152963671128132,1.0
all,0.0,MNQ,weekend,90,1.0,12,757,0.6869220607661823,1.0,0.38628775918051156,292.41983369964726,2.465434313023348,0.6433289299867899,0.22589167767503301,0.130779392338177,150.0,0.005977267307845091,0.9322033898305084,1902.0,1812.0,0.005977267307845149,1.0,0.5777777777777922,1.0503355704698008,1.0
all,0.0,MNQ,weekend,90,1.0,24,757,0.7001321003963011,1.0,0.4212357309326807,318.8754483160393,2.64935387130811,0.6605019815059445,0.22589167767503301,0.11360634081902246,150.0,0.005977267307845091,0.9322033898305084,1902.0,1812.0,0.005977267307845149,1.0,0.5777777777777922,1.0608899297423853,1.0
p80,0.8,CL,weekday,30,0.75,12,360,0.49166666666666664,-0.010582010582000916,0.13857747324403977,49.88789036785432,1.3025311024854502,0.4305555555555556,0.45,0.11944444444444445,190.0,0.009153993798907467,0.9508196721311475,430.5,400.5,0.00686549534918062,1.3333333333333333,0.5555555555555446,0.7868852459016465,0.0
p80,0.8,CL,weekday,30,0.75,24,360,0.4861111111111111,-0.05797101449275601,0.13430746144782887,48.350686121218395,1.2870618977040316,0.44166666666666665,0.45,0.10833333333333334,190.0,0.009153993798907467,0.9508196721311475,430.5,400.5,0.00686549534918062,1.3333333333333333,0.5839996668332492,0.8297229353872502,0.0
p80,0.8,CL,weekday,30,1.0,12,360,0.575,0.4841915085817645,0.16815480292055288,60.53572905139903,1.4935615828982158,0.4861111111111111,0.325,0.18888888888888888,207.5,0.009153993798907467,0.9508196721311475,430.5,400.5,0.009153993798907493,1.0,0.5555555555555446,0.969354646308001,0.0
p80,0.8,CL,weekday,30,1.0,24,360,0.5833333333333334,1.0,0.17400925928170335,62.643333341413204,1.4907758797999908,0.5027777777777778,0.33611111111111114,0.16111111111111112,207.5,0.009153993798907467,0.9508196721311475,430.5,400.5,0.009153993798907493,1.0,0.5839996668332492,1.0,0.0
p80,0.8,CL,weekday,60,0.75,12,313,0.48881789137380194,-0.1141141141141128,0.028126201020775492,8.80350091950273,1.0613903384443306,0.33226837060702874,0.44089456869009586,0.2268370607028754,215.0,0.01112047177759068,0.9322033898305084,454.0,394.0,0.00834035383319297,1.3333333333333333,0.6310160427807507,0.7450980392156893,0.0
p80,0.8,CL,weekday,60,0.75,24,312,0.4583333333333333,-0.41165413533834705,0.017483100841861842,5.454727462660895,1.0348112459504315,0.34935897435897434,0.49038461538461536,0.16025641025641027,215.0,0.01112047177759068,0.9322033898305084,454.0,394.0,0.00834035383319297,1.3333333333333333,0.6799793956043968,0.8131868131868262,0.0
p80,0.8,CL,weekday,60,1.0,12,313,0.549520766773163,0.09743589743589613,0.04180244482725612,13.084165230931164,1.1124310182500299,0.3738019169329074,0.34824281150159747,0.2779552715654952,275.0,0.01112047177759068,0.9322033898305084,454.0,394.0,0.011120471777590627,1.0,0.6310160427807507,0.8373493975903635,0.0
p80,0.8,CL,weekday,60,1.0,24,312,0.5224358974358975,0.06756756756757017,0.014920236952518512,4.6551139291857755,1.0353290906190127,0.3942307692307692,0.3942307692307692,0.21153846153846154,275.0,0.01112047177759068,0.9322033898305084,454.0,394.0,0.011120471777590627,1.0,0.6799793956043968,0.8618421052631523,0.0
p80,0.8,CL,weekday,90,0.75,12,295,0.4745762711864407,-0.21960784313725543,-0.013363726119605653,-3.9422992052836676,0.9713336279974174,0.2847457627118644,0.4406779661016949,0.2745762711864407,220.0,0.01191683569979718,0.9122807017543859,479.0,389.0,0.00893762677484785,1.3333333333333333,0.6029411764705772,0.7560975609756094,0.0
p80,0.8,CL,weekday,90,0.75,24,294,0.4557823129251701,-0.9635854341736707,-0.02999477976775765,-8.818465251720749,0.9420387249138416,0.30612244897959184,0.4931972789115646,0.20068027210884354,220.0,0.0117445311779113,0.9122807017543859,479.5,389.5,0.008808398383433454,1.3333333333333333,0.7346153846153877,0.8353658536585391,0.0
p80,0.8,CL,weekday,90,1.0,12,295,0.5830508474576271,0.221311475409833,0.11620462107174777,34.28036321616559,1.362008678294217,0.376271186440678,0.29152542372881357,0.33220338983050846,245.0,0.01191683569979718,0.9122807017543859,479.0,389.0,0.011916835699797132,1.0,0.6029411764705772,0.8857142857142886,0.0
p80,0.8,CL,weekday,90,1.0,24,294,0.564625850340136,0.21135752688171805,0.0876986759006833,25.783410714800887,1.2285206809947014,0.41156462585034015,0.3333333333333333,0.25510204081632654,245.0,0.0117445311779113,0.9122807017543859,479.5,389.5,0.011744531177911272,1.0,0.7346153846153877,0.9167613636363647,0.0
p80,0.8,CL,weekend,30,0.75,12,487,0.49691991786447637,-0.010582010582000916,0.10033477663973124,48.863036223549116,1.2395178289721944,0.3531827515400411,0.40451745379876797,0.24229979466119098,210.0,0.012063227953411082,1.0,1826.0,1796.0,0.009047420965058284,1.3333333333333333,0.4476190476190417,0.7160087719298244,1.0
p80,0.8,CL,weekend,30,0.75,24,487,0.4784394250513347,-0.05797101449275601,0.08050641086774074,39.20662209258974,1.1769668444537047,0.3737166324435318,0.4127310061601643,0.2135523613963039,210.0,0.012063227953411082,1.0,1826.0,1796.0,0.009047420965058284,1.3333333333333333,0.5396825396825317,0.7346938775510162,1.0
p80,0.8,CL,weekend,30,1.0,12,487,0.6180698151950719,0.1563055062166956,0.19394124113768957,94.44938443405482,1.709365790827296,0.42505133470225875,0.24435318275154005,0.33059548254620125,305.0,0.012063227953411082,1.0,1826.0,1796.0,0.012063227953411044,1.0,0.4476190476190417,0.8170515097690938,1.0
p80,0.8,CL,weekend,30,1.0,24,487,0.6160164271047228,0.5975877192982441,0.20350074459823025,99.10486261933814,1.667323921010823,0.4455852156057495,0.2669404517453799,0.2874743326488706,305.0,0.012063227953411082,1.0,1826.0,1796.0,0.012063227953411044,1.0,0.5396825396825317,0.8965517241379276,1.0
p80,0.8,CL,weekend,60,0.75,12,418,0.6483253588516746,0.2074074074074021,0.2645639653882247,110.58773753227791,1.8682748813905379,0.35406698564593303,0.2942583732057416,0.35167464114832536,300.0,0.014319151865620272,0.9649122807017544,1857.0,1797.0,0.010739363899215265,1.3333333333333333,0.4019607843137254,0.7263157894736797,1.0
p80,0.8,CL,weekend,60,0.75,24,418,0.5861244019138756,0.3992869875222823,0.22995575840470353,96.12150701316608,1.611732471453521,0.37799043062200954,0.3684210526315789,0.2535885167464115,300.0,0.014319151865620272,0.9649122807017544,1857.0,1797.0,0.010739363899215265,1.3333333333333333,0.46153846153845574,0.7980769230769303,1.0
p80,0.8,CL,weekend,60,1.0,12,418,0.69377990430622,0.21153846153847283,0.1980369751949226,82.77945563147765,1.7845029328563182,0.37559808612440193,0.22248803827751196,0.4019138755980861,315.0,0.014319151865620272,0.9649122807017544,1857.0,1797.0,0.014319151865620354,1.0,0.4019607843137254,0.743589743589744,1.0
p80,0.8,CL,weekend,60,1.0,24,418,0.631578947368421,0.3529411764705913,0.18073027585196003,75.54525530611929,1.5663344719999048,0.423444976076555,0.26555023923444976,0.31100478468899523,315.0,0.014319151865620272,0.9649122807017544,1857.0,1797.0,0.014319151865620354,1.0,0.46153846153845574,0.8198806309506783,1.0
p80,0.8,CL,weekend,90,0.75,12,354,0.5706214689265536,0.09521734880538538,0.023926905274052973,8.470124467014752,1.0629340157159257,0.2062146892655367,0.3474576271186441,0.4463276836158192,280.0,0.019826864004468092,0.9824561403508771,1943.5,1853.5,0.014870148003351036,1.3333333333333333,0.31707317073170477,0.7168394985296378,1.0
p80,0.8,CL,weekend,90,0.75,24,354,0.5225988700564972,0.035874439461884934,3.591029575997547e-06,0.0012712244699031316,1.0000075382810782,0.2344632768361582,0.4491525423728814,0.3163841807909605,280.0,0.019826864004468092,0.9824561403508771,1943.5,1853.5,0.014870148003351036,1.3333333333333333,0.48430493273542746,0.7805045871559608,1.0
p80,0.8,CL,weekend,90,1.0,12,354,0.6779661016949152,0.14146341463414266,0.17893056630051637,63.34142047038279,1.772911516561818,0.3135593220338983,0.19491525423728814,0.4915254237288136,485.0,0.019826864004468092,0.9824561403508771,1943.5,1853.5,0.019826864004468047,1.0,0.31707317073170477,0.7499999999999951,1.0
p80,0.8,CL,weekend,90,1.0,24,354,0.6581920903954802,0.5731310942578559,0.16634979153765203,58.88782620432882,1.5094542525241794,0.3700564971751412,0.22598870056497175,0.403954802259887,485.0,0.019826864004468092,0.9824561403508771,1943.5,1853.5,0.019826864004468047,1.0,0.48430493273542746,0.820151679306608,1.0
p80,0.8,MES,weekday,30,0.75,12,449,0.5167037861915368,0.44864226682407526,0.20998355542208436,94.28261638451588,1.4641951957969557,0.48997772828507796,0.43429844097995546,0.0757238307349666,210.0,0.0034399449608806254,0.9692307692307692,424.0,394.0,0.002579958720660442,1.3333333333333333,0.6460674157302929,1.0042194092826966,0.0
p80,0.8,MES,weekday,30,0.75,24,449,0.5167037861915368,0.51633215269579,0.21233768477324766,95.3396204631882,1.4691227125523523,0.48997772828507796,0.44988864142538976,0.060133630289532294,210.0,0.0034399449608806254,0.9692307692307692,424.0,394.0,0.002579958720660442,1.3333333333333333,0.6460674157302929,1.0042194092826966,0.0
p80,0.8,MES,weekday,30,1.0,12,449,0.576837416481069,1.0,0.17255857359148957,77.47879954257881,1.4545476975162837,0.5389755011135857,0.3518930957683742,0.1091314031180401,215.0,0.0034399449608806254,0.9692307692307692,424.0,394.0,0.0034399449608805894,1.0,0.6460674157302929,1.008080808080824,0.0
p80,0.8,MES,weekday,30,1.0,24,449,0.5812917594654788,1.0,0.1861070126668388,83.56204868741062,1.4987092457921163,0.5501113585746102,0.3585746102449889,0.09131403118040089,215.0,0.0034399449608806254,0.9692307692307692,424.0,394.0,0.0034399449608805894,1.0,0.6460674157302929,1.0119047619047963,0.0
p80,0.8,MES,weekday,60,0.75,12,413,0.576271186440678,1.3333333333333333,0.3464103706886166,143.06748309439865,1.8935012230356165,0.5375302663438256,0.3728813559322034,0.08958837772397095,180.0,0.003968196498139065,0.9830508474576272,467.0,407.0,0.002976147373604262,1.3333333333333333,0.5343035343035326,1.0112866817155652,0.0
p80,0.8,MES,weekday,60,0.75,24,413,0.5738498789346247,1.3333333333333333,0.35522135649460185,146.70642023227057,1.9129018379405052,0.5447941888619855,0.3728813559322034,0.08232445520581114,180.0,0.003968196498139065,0.9830508474576272,467.0,407.0,0.002976147373604262,1.3333333333333333,0.5343035343035326,1.0132450331125709,0.0
p80,0.8,MES,weekday,60,1.0,12,413,0.6343825665859564,1.0,0.28618500171298733,118.19440570746377,1.890833170094738,0.5907990314769975,0.3026634382566586,0.10653753026634383,200.0,0.003968196498139065,0.9830508474576272,467.0,407.0,0.0039681964981390155,1.0,0.5343035343035326,1.0164835164835646,0.0
p80,0.8,MES,weekday,60,1.0,24,413,0.6368038740920097,1.0,0.29899238675554407,123.4838557300397,1.9410397450945438,0.6029055690072639,0.3026634382566586,0.09443099273607748,200.0,0.003968196498139065,0.9830508474576272,467.0,407.0,0.0039681964981390155,1.0,0.5343035343035326,1.0283018867924634,0.0
p80,0.8,MES,weekday,90,0.75,12,371,0.5956873315363881,1.3333333333333333,0.3645464088755772,135.24671769283916,1.9607445658484495,0.5417789757412399,0.3584905660377358,0.09973045822102426,180.0,0.004290125289472035,0.9661016949152542,497.0,407.0,0.003217593967104076,1.3333333333333333,0.4428571428571533,1.0032894736842075,0.0
p80,0.8,MES,weekday,90,0.75,24,371,0.5929919137466307,1.3333333333333333,0.381919976008152,141.69231109902438,2.008613376164485,0.5498652291105122,0.3611859838274933,0.0889487870619946,180.0,0.004290125289472035,0.9661016949152542,497.0,407.0,0.003217593967104076,1.3333333333333333,0.4428571428571533,1.0080000000000156,0.0
p80,0.8,MES,weekday,90,1.0,12,371,0.628032345013477,1.0,0.2529016132191625,93.82649850430928,1.7494838557466172,0.5741239892183289,0.31266846361185985,0.11320754716981132,190.0,0.004290125289472035,0.9661016949152542,497.0,407.0,0.004290125289472101,1.0,0.4428571428571533,1.0116550116550276,0.0
p80,0.8,MES,weekday,90,1.0,24,371,0.6307277628032345,1.0,0.271467298261853,100.71436765514747,1.8185590307391675,0.5822102425876011,0.31266846361185985,0.10512129380053908,190.0,0.004290125289472035,0.9661016949152542,497.0,407.0,0.004290125289472101,1.0,0.4428571428571533,1.0123456790123344,0.0
p80,0.8,MES,weekend,30,0.75,12,668,0.49850299401197606,-0.020691884901386,0.19477150569470572,130.10736580406342,1.4638035523912223,0.4491017964071856,0.38772455089820357,0.1631736526946108,325.0,0.004864801825966714,1.0,1855.0,1825.0,0.003648601369474983,1.3333333333333333,0.5999999999999536,0.9304347826086939,1.0
p80,0.8,MES,weekend,30,0.75,24,668,0.5134730538922155,0.3620071684587865,0.19792913278145538,132.2166606980122,1.456784577139312,0.4491017964071856,0.4236526946107784,0.12724550898203593,325.0,0.004864801825966714,1.0,1855.0,1825.0,0.003648601369474983,1.3333333333333333,0.6078184110970982,0.9304347826086939,1.0
p80,0.8,MES,weekend,30,1.0,12,668,0.5134730538922155,0.09408602150535408,0.0921105499099167,61.52984733982436,1.2399361328727594,0.46407185628742514,0.33532934131736525,0.20059880239520958,330.0,0.004864801825966714,1.0,1855.0,1825.0,0.004864801825966644,1.0,0.5999999999999536,0.9417186967873676,1.0
p80,0.8,MES,weekend,30,1.0,24,668,0.5449101796407185,0.42072630646590037,0.1091764689734717,72.9298812742791,1.2867016636202486,0.46407185628742514,0.3502994011976048,0.18562874251497005,330.0,0.004864801825966714,1.0,1855.0,1825.0,0.004864801825966644,1.0,0.6078184110970982,0.9417186967873676,1.0
p80,0.8,MES,weekend,60,0.75,12,642,0.4719626168224299,-0.061762034514062016,0.11565923484394774,74.25322876981446,1.2570728675473792,0.40498442367601245,0.4252336448598131,0.16978193146417445,305.0,0.004923072282951635,1.0,1904.0,1844.0,0.003692304212213767,1.3333333333333333,0.5776566757493086,0.8681055155875396,1.0
p80,0.8,MES,weekend,60,0.75,24,642,0.4719626168224299,0.0,0.119297492275899,76.58899004112716,1.2586042561238087,0.40498442367601245,0.4252336448598131,0.16978193146417445,305.0,0.004923072282951635,1.0,1904.0,1844.0,0.003692304212213767,1.3333333333333333,0.6333333333333317,0.8681055155875396,1.0
p80,0.8,MES,weekend,60,1.0,12,642,0.5295950155763239,0.21041214750542828,0.1123094089087314,72.10264051940555,1.3039507604776,0.46261682242990654,0.32398753894080995,0.21339563862928349,350.0,0.004923072282951635,1.0,1904.0,1844.0,0.004923072282951689,1.0,0.5776566757493086,0.941767546007969,1.0
p80,0.8,MES,weekend,60,1.0,24,642,0.5467289719626168,0.3860911270983284,0.13277276139482724,85.2401128154791,1.3672034860726756,0.46261682242990654,0.32398753894080995,0.21339563862928349,350.0,0.004923072282951635,1.0,1904.0,1844.0,0.004923072282951689,1.0,0.6333333333333317,0.941767546007969,1.0
p80,0.8,MES,weekend,90,0.75,12,595,0.4907563025210084,-0.1132719208461334,0.07842684038082878,46.66397002659313,1.169443578987864,0.38487394957983195,0.4319327731092437,0.18319327731092436,280.0,0.005470315493864231,0.9661016949152542,1905.0,1815.0,0.0041027366203981435,1.3333333333333333,0.6452830188679085,0.8563968668407402,1.0
p80,0.8,MES,weekend,90,0.75,24,595,0.4907563025210084,-0.2266288951841463,0.0964734523178358,57.401704129112304,1.2025821505286487,0.38487394957983195,0.44873949579831934,0.16638655462184873,280.0,0.005470315493864231,0.9661016949152542,1905.0,1815.0,0.0041027366203981435,1.3333333333333333,0.7081081081080904,0.8563968668407402,1.0
p80,0.8,MES,weekend,90,1.0,12,595,0.5294117647058824,0.06993006993008458,0.043514946934574944,25.891393426072092,1.1084896679703091,0.4235294117647059,0.346218487394958,0.23025210084033612,280.0,0.005470315493864231,0.9661016949152542,1905.0,1815.0,0.005470315493864191,1.0,0.6452830188679085,0.9019999999999981,1.0
p80,0.8,MES,weekend,90,1.0,24,595,0.5478991596638656,0.21911421911422788,0.07551003170295681,44.9284688632593,1.1917506895300525,0.4235294117647059,0.346218487394958,0.23025210084033612,280.0,0.005470315493864231,0.9661016949152542,1905.0,1815.0,0.005470315493864191,1.0,0.7081081081080904,0.9019999999999981,1.0
p80,0.8,MNQ,weekday,30,0.75,12,437,0.5491990846681922,1.3333333333333333,0.2999531568564894,131.07952954628587,1.6999310248801112,0.5446224256292906,0.41647597254004576,0.038901601830663615,210.0,0.004440383443942264,0.9830508474576272,420.0,390.0,0.0033302875829567366,1.3333333333333333,0.5294117647058902,1.030769230769202,0.0
p80,0.8,MNQ,weekday,30,0.75,24,437,0.5583524027459954,1.3333333333333333,0.30494626355736093,133.26151717456673,1.7175755875618652,0.5446224256292906,0.41647597254004576,0.038901601830663615,210.0,0.004440383443942264,0.9830508474576272,420.0,390.0,0.0033302875829567366,1.3333333333333333,0.5294117647058902,1.030769230769202,0.0
p80,0.8,MNQ,weekday,30,1.0,12,437,0.6681922196796338,1.0,0.3713224065195988,162.26789164906467,2.2628053089812568,0.6636155606407322,0.2723112128146453,0.06407322654462243,210.0,0.004440383443942264,0.9830508474576272,420.0,390.0,0.004440383443942315,1.0,0.5294117647058902,1.0601092896174962,0.0
p80,0.8,MNQ,weekday,30,1.0,24,437,0.6773455377574371,1.0,0.376710851116043,164.6226419377108,2.300269285934265,0.6636155606407322,0.2723112128146453,0.06407322654462243,210.0,0.004440383443942264,0.9830508474576272,420.0,390.0,0.004440383443942315,1.0,0.5294117647058902,1.0601092896174962,0.0
p80,0.8,MNQ,weekday,60,0.75,12,437,0.6407322654462243,1.3333333333333333,0.50785824837927,221.93405454174095,2.51260391232784,0.631578947368421,0.32494279176201374,0.043478260869565216,180.0,0.0046137787056366175,0.9836065573770492,461.0,401.0,0.003460334029227525,1.3333333333333333,0.43526170798896124,1.0443458980044364,0.0
p80,0.8,MNQ,weekday,60,0.75,24,437,0.6498855835240275,1.3333333333333333,0.5130264437377439,224.19255591339407,2.5404821629349974,0.631578947368421,0.32494279176201374,0.043478260869565216,180.0,0.0046137787056366175,0.9836065573770492,461.0,401.0,0.003460334029227525,1.3333333333333333,0.43526170798896124,1.0443458980044364,0.0
p80,0.8,MNQ,weekday,60,1.0,12,437,0.7185354691075515,1.0,0.4631968119461393,202.4170068204629,2.8938797811797503,0.7048054919908466,0.22654462242562928,0.06864988558352403,180.0,0.0046137787056366175,0.9836065573770492,461.0,401.0,0.004613778705636701,1.0,0.43526170798896124,1.0611764705882332,0.0
p80,0.8,MNQ,weekday,60,1.0,24,437,0.7345537757437071,1.0,0.4730771442036928,206.73471201701375,2.9616492042951084,0.7093821510297483,0.22654462242562928,0.06407322654462243,180.0,0.0046137787056366175,0.9836065573770492,461.0,401.0,0.004613778705636701,1.0,0.43526170798896124,1.0611764705882332,0.0
p80,0.8,MNQ,weekday,90,0.75,12,402,0.6343283582089553,1.3333333333333333,0.47497967164164545,190.94182799994147,2.3621047546816087,0.6144278606965174,0.32338308457711445,0.06218905472636816,150.0,0.005019700976952479,0.9491525423728814,489.5,399.5,0.003764775732714368,1.3333333333333333,0.4160919540229738,1.0405405405405033,0.0
p80,0.8,MNQ,weekday,90,0.75,24,402,0.6293532338308457,1.3333333333333333,0.48433145848439735,194.70124631072773,2.41202641646511,0.6144278606965174,0.32338308457711445,0.06218905472636816,150.0,0.005019700976952479,0.9491525423728814,489.5,399.5,0.003764775732714368,1.3333333333333333,0.4160919540229738,1.0405405405405033,0.0
p80,0.8,MNQ,weekday,90,1.0,12,402,0.7139303482587065,1.0,0.443348632402413,178.22615022577003,2.745324964543497,0.6940298507462687,0.23134328358208955,0.07462686567164178,150.0,0.005019700976952479,0.9491525423728814,489.5,399.5,0.0050197009769524905,1.0,0.4160919540229738,1.0608899297423853,0.0
p80,0.8,MNQ,weekday,90,1.0,24,402,0.7164179104477612,1.0,0.4558999881021172,183.2717952170511,2.846895091903095,0.6940298507462687,0.23134328358208955,0.07462686567164178,150.0,0.005019700976952479,0.9491525423728814,489.5,399.5,0.0050197009769524905,1.0,0.4160919540229738,1.0608899297423853,0.0
p80,0.8,MNQ,weekend,30,0.75,12,675,0.5170370370370371,1.3333333333333333,0.2543661681970139,171.69716353298438,1.5847275683023856,0.5170370370370371,0.4192592592592593,0.0637037037037037,210.0,0.006271765768089743,1.0,1856.0,1826.0,0.004703824326067313,1.3333333333333333,0.6399506781750991,1.0197287299630118,1.0
p80,0.8,MNQ,weekend,30,0.75,24,675,0.5614814814814815,1.3333333333333333,0.27465325497305154,185.3909471068098,1.6434121161081328,0.5170370370370371,0.4192592592592593,0.0637037037037037,210.0,0.006271765768089743,1.0,1856.0,1826.0,0.004703824326067313,1.3333333333333333,0.6399506781750991,1.0197287299630118,1.0
p80,0.8,MNQ,weekend,30,1.0,12,675,0.7007407407407408,1.0,0.43990354038704854,296.93488976125775,2.7992144186239236,0.6814814814814815,0.21481481481481482,0.1037037037037037,215.0,0.006271765768089743,1.0,1856.0,1826.0,0.006271765768089749,1.0,0.6399506781750991,1.032812500000006,1.0
p80,0.8,MNQ,weekend,30,1.0,24,675,0.7451851851851852,1.0,0.4741991128810479,320.0844011947073,3.0123287136195818,0.7007407407407408,0.21481481481481482,0.08444444444444445,215.0,0.006271765768089743,1.0,1856.0,1826.0,0.006271765768089749,1.0,0.6399506781750991,1.0435097897026848,1.0
p80,0.8,MNQ,weekend,60,0.75,12,626,0.6150159744408946,1.3333333333333333,0.4909604284980934,307.34122823980647,2.492004890674155,0.6150159744408946,0.31629392971246006,0.06869009584664537,180.0,0.006629047279899103,1.0,1882.0,1822.0,0.00497178545992439,1.3333333333333333,0.45275805570726624,1.0174767886400902,1.0
p80,0.8,MNQ,weekend,60,0.75,24,626,0.6629392971246006,1.3333333333333333,0.5107975605372794,319.75927289633694,2.582890829384197,0.6150159744408946,0.31629392971246006,0.06869009584664537,180.0,0.006629047279899103,1.0,1882.0,1822.0,0.00497178545992439,1.3333333333333333,0.45275805570726624,1.0174767886400902,1.0
p80,0.8,MNQ,weekend,60,1.0,12,626,0.6837060702875399,1.0,0.42188752807771024,264.1015925766466,2.738904832408874,0.6629392971246006,0.21405750798722045,0.12300319488817892,185.0,0.006629047279899103,1.0,1882.0,1822.0,0.006629047279899186,1.0,0.45275805570726624,1.0401524010570158,1.0
p80,0.8,MNQ,weekend,60,1.0,24,626,0.731629392971246,1.0,0.45356465899389437,283.93147653017786,2.8879020198666256,0.6837060702875399,0.21405750798722045,0.10223642172523961,185.0,0.006629047279899103,1.0,1882.0,1822.0,0.006629047279899186,1.0,0.45275805570726624,1.0443458980044364,1.0
p80,0.8,MNQ,weekend,90,0.75,12,611,0.5728314238952537,1.3333333333333333,0.3263316845916269,199.38865928548404,1.8148442474949988,0.5400981996726678,0.36661211129296234,0.09328968903436989,150.0,0.007301641586867413,0.9661016949152542,1906.0,1816.0,0.005476231190150602,1.3333333333333333,0.5300751879699619,1.0152963671128132,1.0
p80,0.8,MNQ,weekend,90,0.75,24,611,0.5891980360065466,1.3333333333333333,0.3564169307633875,217.77074469642974,1.913054535795841,0.5400981996726678,0.36661211129296234,0.09328968903436989,150.0,0.007301641586867413,0.9661016949152542,1906.0,1816.0,0.005476231190150602,1.3333333333333333,0.5300751879699619,1.0152963671128132,1.0
p80,0.8,MNQ,weekend,90,1.0,12,611,0.6955810147299509,1.0,0.40657910589140306,248.41983369964726,2.6723560280129024,0.6415711947626841,0.19639934533551553,0.16202945990180032,155.0,0.007301641586867413,0.9661016949152542,1906.0,1816.0,0.007301641586867469,1.0,0.5300751879699619,1.0261282660332436,1.0
p80,0.8,MNQ,weekend,90,1.0,24,611,0.7119476268412439,1.0,0.4498779841506371,274.8754483160393,2.9312062235449408,0.662847790507365,0.19639934533551553,0.1407528641571195,155.0,0.007301641586867413,0.9661016949152542,1906.0,1816.0,0.007301641586867469,1.0,0.5300751879699619,1.0398481973434606,1.0
p90,0.9,CL,weekday,30,0.75,12,286,0.5,0.06547249564010006,0.15578516445636642,44.5545570345208,1.3567170043260421,0.4230769230769231,0.42657342657342656,0.15034965034965034,210.0,0.010769616204461818,0.9655069878085043,448.5,418.5,0.008077212153346343,1.3333333333333333,0.4868421052631606,0.8019683778353701,0.0
p90,0.9,CL,weekday,30,0.75,24,286,0.493006993006993,-0.04301075268816679,0.15041032443316393,43.01735278788489,1.3349401246801142,0.4370629370629371,0.42657342657342656,0.13636363636363635,210.0,0.010769616204461818,0.9655069878085043,448.5,418.5,0.008077212153346343,1.3333333333333333,0.5476190476190381,0.8414634146341505,0.0
p90,0.9,CL,weekday,30,1.0,12,286,0.5804195804195804,0.2638888888889059,0.18783536446358104,53.72091423658418,1.5992239542720812,0.4755244755244755,0.2937062937062937,0.23076923076923078,255.0,0.010769616204461818,0.9655069878085043,448.5,418.5,0.01076961620446179,1.0,0.4868421052631606,0.9577380952380937,0.0
p90,0.9,CL,weekday,30,1.0,24,286,0.5909090909090909,0.5975877192982441,0.19106060608885733,54.6433333414132,1.577372250384896,0.48951048951048953,0.3076923076923077,0.20279720279720279,255.0,0.010769616204461818,0.9655069878085043,448.5,418.5,0.01076961620446179,1.0,0.5476190476190381,0.9783132530120474,0.0
p90,0.9,CL,weekday,60,0.75,12,202,0.5643564356435643,0.12991452991452818,0.12959653920545933,26.178500919502785,1.3536342165419204,0.3217821782178218,0.3415841584158416,0.33663366336633666,280.0,0.017082246979485016,0.9830508474576272,470.0,410.0,0.01281168523461373,1.3333333333333333,0.57333824711874,0.7553873034362286,0.0
p90,0.9,CL,weekday,60,0.75,24,201,0.5174129353233831,0.09009009009009356,0.12664043513761664,25.454727462660944,1.300547923314112,0.3482587064676617,0.40298507462686567,0.24875621890547264,280.0,0.017285714285714238,0.9830508474576272,471.0,411.0,0.012964285714285647,1.3333333333333333,0.6000000000000042,0.8225806451612696,0.0
p90,0.9,CL,weekday,60,1.0,12,202,0.6336633663366337,0.1555555555555516,0.16847565295840516,34.03208189759784,1.6532847038990464,0.36633663366336633,0.22277227722772278,0.41089108910891087,330.0,0.017082246979485016,0.9830508474576272,470.0,410.0,0.017082246979484975,1.0,0.57333824711874,0.8453413654618488,0.0
p90,0.9,CL,weekday,60,1.0,24,201,0.5771144278606966,0.2615384615384638,0.1240198273930218,24.92798530599738,1.3678629387170285,0.39800995024875624,0.2935323383084577,0.30845771144278605,330.0,0.017285714285714238,0.9830508474576272,471.0,411.0,0.017285714285714196,1.0,0.6000000000000042,0.8618421052631523,0.0
p90,0.9,CL,weekday,90,0.75,12,174,0.5747126436781609,0.14690833146863413,0.13420955314761343,23.352462247684738,1.385197354267553,0.28160919540229884,0.3160919540229885,0.40229885057471265,265.0,0.021144705724454205,0.9818181818181818,505.5,415.5,0.01585852929334064,1.3333333333333333,0.3878787878787902,0.75,0.0
p90,0.9,CL,weekday,90,0.75,24,173,0.5433526011560693,0.06697108066971463,0.12644885777652212,21.875652395338328,1.3074837764360492,0.3063583815028902,0.3699421965317919,0.3236994219653179,265.0,0.020979020979020935,0.9818181818181818,508.0,418.0,0.015734265734265666,1.3333333333333333,0.48235294117646577,0.820151679306608,0.0
p90,0.9,CL,weekday,90,1.0,12,174,0.6666666666666666,0.30402930402930295,0.22514132208963603,39.174590043596666,2.0055529013722095,0.367816091954023,0.1839080459770115,0.4482758620689655,382.5,0.021144705724454205,0.9818181818181818,505.5,415.5,0.021144705724454184,1.0,0.3878787878787902,0.864197530864181,0.0
p90,0.9,CL,weekday,90,1.0,24,173,0.6589595375722543,0.7317073170731717,0.23702947606896604,41.00609935993113,1.85651762229092,0.4161849710982659,0.20809248554913296,0.37572254335260113,420.0,0.020979020979020935,0.9818181818181818,508.0,418.0,0.020979020979020886,1.0,0.48235294117646577,0.8819444444444442,0.0
p90,0.9,CL,weekend,30,0.75,12,470,0.4851063829787234,-0.010582010582000916,0.07063057352528174,33.196369556882416,1.1651512678933242,0.33617021276595743,0.4127659574468085,0.251063829787234,210.0,0.012944983818770295,1.0,1821.0,1791.0,0.009708737864077688,1.3333333333333333,0.46666666666669615,0.6988171064604186,1.0
p90,0.9,CL,weekend,30,0.75,24,470,0.46595744680851064,-0.10599721059971977,0.050085011544517104,23.53995542592304,1.1077107669194202,0.3574468085106383,0.42127659574468085,0.22127659574468084,210.0,0.012944983818770295,1.0,1821.0,1791.0,0.009708737864077688,1.3333333333333333,0.5990338164251203,0.7301587301587286,1.0
p90,0.9,CL,weekend,30,1.0,12,470,0.6106382978723405,0.1563055062166956,0.17755188177458467,83.44938443405479,1.6411970680568395,0.4106382978723404,0.24680851063829787,0.3425531914893617,305.0,0.012944983818770295,1.0,1821.0,1791.0,0.012944983818770251,1.0,0.46666666666669615,0.7375000000000069,1.0
p90,0.9,CL,weekend,30,1.0,24,470,0.6085106382978723,0.4615384615384597,0.18745715450923003,88.10486261933812,1.6054864264572883,0.4319148936170213,0.2702127659574468,0.2978723404255319,305.0,0.012944983818770295,1.0,1821.0,1791.0,0.012944983818770251,1.0,0.5990338164251203,0.8965517241379276,1.0
p90,0.9,CL,weekend,60,0.75,12,382,0.6727748691099477,0.2074074074074021,0.2982226986010764,113.9210708656112,2.081205204229534,0.3507853403141361,0.2643979057591623,0.38481675392670156,300.0,0.014733969986357454,0.9672131147540983,1872.5,1812.5,0.011050477489768059,1.3333333333333333,0.4019607843137254,0.743589743589744,1.0
p90,0.9,CL,weekend,60,0.75,24,382,0.6047120418848168,0.3992869875222823,0.2603529852002602,99.4548403464994,1.7359939307991195,0.3769633507853403,0.34554973821989526,0.2774869109947644,300.0,0.014733969986357454,0.9672131147540983,1872.5,1812.5,0.011050477489768059,1.3333333333333333,0.44505494505494236,0.8000000000000022,1.0
p90,0.9,CL,weekend,60,1.0,12,382,0.7225130890052356,0.2568306010928958,0.23764255400910367,90.7794556314776,2.086940233123922,0.3743455497382199,0.18586387434554974,0.4397905759162304,445.0,0.014733969986357454,0.9672131147540983,1872.5,1812.5,0.014733969986357412,1.0,0.4019607843137254,0.7980392156862741,1.0
p90,0.9,CL,weekend,60,1.0,24,382,0.6544502617801047,0.4875816993464093,0.2187048568223018,83.54525530611929,1.7500021456506742,0.42670157068062825,0.23298429319371727,0.3403141361256545,445.0,0.014733969986357454,0.9672131147540983,1872.5,1812.5,0.014733969986357412,1.0,0.44505494505494236,0.8225806451612696,1.0
p90,0.9,CL,weekend,90,0.75,12,307,0.6579804560260586,0.15962441314554132,0.18068444451796312,55.47012446701468,1.633311815771038,0.23778501628664495,0.247557003257329,0.5146579804560261,720.0,0.02485411713853458,0.9824561403508771,1914.0,1824.0,0.018640587853900954,1.3333333333333333,0.3086419753086411,0.7341772151898834,1.0
p90,0.9,CL,weekend,90,0.75,24,307,0.6026058631921825,0.5352112676056401,0.1530986033370353,47.00127122446983,1.3864096773013947,0.2703583061889251,0.36482084690553745,0.36482084690553745,1350.0,0.02485411713853458,0.9824561403508771,1914.0,1824.0,0.018640587853900954,1.3333333333333333,0.45786516853932824,0.8146341463414654,1.0
p90,0.9,CL,weekend,90,1.0,12,307,0.7328990228013029,0.28491620111731464,0.26169843801427617,80.34142047038279,2.6083817841415455,0.3127035830618892,0.12052117263843648,0.5667752442996743,720.0,0.02485411713853458,0.9824561403508771,1914.0,1824.0,0.024854117138534606,1.0,0.3086419753086411,0.7499999999999951,1.0
p90,0.9,CL,weekend,90,1.0,24,307,0.7100977198697068,0.5731310942578559,0.2471916163007453,75.8878262043288,1.9078575175240267,0.3778501628664495,0.1563517915309446,0.46579804560260585,1355.0,0.02485411713853458,0.9824561403508771,1914.0,1824.0,0.024854117138534606,1.0,0.45786516853932824,0.820151679306608,1.0
p90,0.9,MES,weekday,30,0.75,12,354,0.5225988700564972,0.44864226682407526,0.22490381276228463,79.61594971784876,1.5132875181299126,0.4887005649717514,0.4152542372881356,0.096045197740113,260.0,0.003967921780039907,0.9830508474576272,450.5,420.5,0.0029759413350298907,1.3333333333333333,0.6006535947711882,1.001002004008015,0.0
p90,0.9,MES,weekday,30,0.75,24,354,0.5225988700564972,0.5386502806584952,0.22788969999017247,80.67295379652106,1.5197008472493208,0.4887005649717514,0.4350282485875706,0.07627118644067797,260.0,0.003967921780039907,0.9830508474576272,450.5,420.5,0.0029759413350298907,1.3333333333333333,0.6104826546002918,1.001002004008015,0.0
p90,0.9,MES,weekday,30,1.0,12,354,0.5903954802259888,1.0,0.2047423715892057,72.47879954257881,1.5777388988425969,0.5423728813559322,0.3192090395480226,0.1384180790960452,282.5,0.003967921780039907,0.9830508474576272,450.5,420.5,0.003967921780039855,1.0,0.6006535947711882,1.0050858951175363,0.0
p90,0.9,MES,weekday,30,1.0,24,354,0.596045197740113,1.0,0.22192669120737465,78.56204868741062,1.6410264239450414,0.556497175141243,0.327683615819209,0.11581920903954802,282.5,0.003967921780039907,0.9830508474576272,450.5,420.5,0.003967921780039855,1.0,0.6104826546002918,1.0072243839169843,0.0
p90,0.9,MES,weekday,60,0.75,12,316,0.560126582278481,1.3333333333333333,0.30928528405400474,97.7341497610655,1.7874161334604908,0.509493670886076,0.37341772151898733,0.11708860759493671,250.0,0.0048065741530352035,0.9842431761786601,469.5,409.5,0.0036049306147763653,1.3333333333333333,0.5221793539101025,1.0029069767441834,0.0
p90,0.9,MES,weekday,60,0.75,24,316,0.5569620253164557,1.3333333333333333,0.32080090790802984,101.37308689893743,1.8129136407282254,0.5189873417721519,0.37341772151898733,0.10759493670886076,250.0,0.0048065741530352035,0.9842431761786601,469.5,409.5,0.0036049306147763653,1.3333333333333333,0.5236486486486268,1.0029069767441834,0.0
p90,0.9,MES,weekday,60,1.0,12,316,0.6075949367088608,1.0,0.23795698008691069,75.19440570746377,1.7115393210952465,0.5506329113924051,0.310126582278481,0.13924050632911392,265.0,0.0048065741530352035,0.9842431761786601,469.5,409.5,0.004806574153035154,1.0,0.5221793539101025,1.0029069767441834,0.0
p90,0.9,MES,weekday,60,1.0,24,316,0.6107594936708861,1.0,0.25469574598113837,80.48385573003972,1.7722447383333915,0.5664556962025317,0.310126582278481,0.12341772151898735,265.0,0.0048065741530352035,0.9842431761786601,469.5,409.5,0.004806574153035154,1.0,0.5236486486486268,1.0076423576423632,0.0
p90,0.9,MES,weekday,90,0.75,12,306,0.6013071895424836,1.3333333333333333,0.37226596195916895,113.9133843595057,2.010113861776591,0.5359477124183006,0.3431372549019608,0.12091503267973856,205.0,0.005089654941485611,0.9830508474576272,512.5,422.5,0.0038172412061142375,1.3333333333333333,0.4248704663211965,1.0032894736842075,0.0
p90,0.9,MES,weekday,90,0.75,24,306,0.5980392156862745,1.3333333333333333,0.3933299926983363,120.35897776569091,2.0700260798611714,0.545751633986928,0.3464052287581699,0.10784313725490197,205.0,0.005089654941485611,0.9830508474576272,512.5,422.5,0.0038172412061142375,1.3333333333333333,0.4248704663211965,1.0032894736842075,0.0
p90,0.9,MES,weekday,90,1.0,12,306,0.6176470588235294,1.0,0.23145914543891918,70.82649850430927,1.6797941748901357,0.5522875816993464,0.3104575163398693,0.13725490196078433,230.0,0.005089654941485611,0.9830508474576272,512.5,422.5,0.00508965494148565,1.0,0.4248704663211965,1.0032894736842075,0.0
p90,0.9,MES,weekday,90,1.0,24,306,0.6209150326797386,1.0,0.25396852174884793,77.71436765514747,1.7616172496449103,0.5620915032679739,0.3104575163398693,0.12745098039215685,230.0,0.005089654941485611,0.9830508474576272,512.5,422.5,0.00508965494148565,1.0,0.4248704663211965,1.005847953216369,0.0
p90,0.9,MES,weekend,30,0.75,12,619,0.5072697899838449,0.12544802867380545,0.21772864696402186,134.77403247072954,1.537971612492846,0.45395799676898224,0.36995153473344106,0.17609046849757673,330.0,0.005349251879990802,1.0,1877.0,1847.0,0.004011938909993075,1.3333333333333333,0.5713020372010688,0.9304347826086939,1.0
p90,0.9,MES,weekend,30,0.75,24,619,0.5234248788368336,0.5609684086212005,0.2211362316069116,136.88332736467828,1.527588768420106,0.45395799676898224,0.4087237479806139,0.13731825525040386,330.0,0.005349251879990802,1.0,1877.0,1847.0,0.004011938909993075,1.3333333333333333,0.5999999999999536,0.9304347826086939,1.0
p90,0.9,MES,weekend,30,1.0,12,619,0.5234248788368336,0.33746678476527525,0.1171726128268568,72.52984733982436,1.320301238435742,0.4701130856219709,0.3134087237479806,0.21647819063004847,335.0,0.005349251879990802,1.0,1877.0,1847.0,0.005349251879990767,1.0,0.5713020372010688,0.9530026109660413,1.0
p90,0.9,MES,weekend,30,1.0,24,619,0.5573505654281099,0.42072630646590037,0.13558946894067705,83.9298812742791,1.3740599056121923,0.4701130856219709,0.3295638126009693,0.20032310177705978,335.0,0.005349251879990802,1.0,1877.0,1847.0,0.005349251879990767,1.0,0.5999999999999536,0.9530026109660413,1.0
p90,0.9,MES,weekend,60,0.75,12,491,0.5274949083503055,0.2805495300072377,0.2496671325929681,122.58656210314734,1.6741408431250098,0.439918533604888,0.3380855397148676,0.2219959266802444,370.0,0.007213692793653026,1.0,1863.0,1803.0,0.005410269595239809,1.3333333333333333,0.558139534883712,0.9225806451612879,1.0
p90,0.9,MES,weekend,60,0.75,24,491,0.5274949083503055,0.5147881694644378,0.2544242838583708,124.92232337446005,1.66039542739902,0.439918533604888,0.3380855397148676,0.2219959266802444,370.0,0.007213692793653026,1.0,1863.0,1803.0,0.005410269595239809,1.3333333333333333,0.5637065637065269,0.9225806451612879,1.0
p90,0.9,MES,weekend,60,1.0,12,491,0.5824847250509165,0.40795631825272993,0.23442492977475674,115.10264051940555,1.8208825409682818,0.49490835030549896,0.22606924643584522,0.2790224032586558,440.0,0.007213692793653026,1.0,1863.0,1803.0,0.007213692793653079,1.0,0.558139534883712,1.0,1.0
p90,0.9,MES,weekend,60,1.0,24,491,0.604887983706721,0.5522620904836204,0.2611814924958841,128.2401128154791,1.9489905670036816,0.49490835030549896,0.22606924643584522,0.2790224032586558,440.0,0.007213692793653026,1.0,1863.0,1803.0,0.007213692793653079,1.0,0.5637065637065269,1.0,1.0
p90,0.9,MES,weekend,90,0.75,12,473,0.5391120507399577,0.09324009324011276,0.1740605426918809,82.33063669325966,1.432419416605666,0.4059196617336152,0.36363636363636365,0.23044397463002114,340.0,0.006768631135703251,0.9830508474576272,1905.0,1815.0,0.0050764733517774,1.3333333333333333,0.5221932114882606,0.9210526315789463,1.0
p90,0.9,MES,weekend,90,0.75,24,473,0.5391120507399577,0.29215229215230387,0.19676188328917296,93.0683707957788,1.4692122554700635,0.4059196617336152,0.38477801268498946,0.20930232558139536,340.0,0.006768631135703251,0.9830508474576272,1905.0,1815.0,0.0050764733517774,1.3333333333333333,0.6603773584905576,0.9210526315789463,1.0
p90,0.9,MES,weekend,90,1.0,12,473,0.5602536997885835,0.06993006993008458,0.10125030322636805,47.891393426072085,1.2873717868378027,0.427061310782241,0.2832980972515856,0.28964059196617337,350.0,0.006768631135703251,0.9830508474576272,1905.0,1815.0,0.0067686311357032,1.0,0.5221932114882606,0.9210526315789463,1.0
p90,0.9,MES,weekend,90,1.0,24,473,0.5835095137420718,0.4360286591606959,0.14149782000689068,66.9284688632593,1.4123580485244263,0.427061310782241,0.2832980972515856,0.28964059196617337,350.0,0.006768631135703251,0.9830508474576272,1905.0,1815.0,0.0067686311357032,1.0,0.6603773584905576,0.9210526315789463,1.0
p90,0.9,MNQ,weekday,30,0.75,12,354,0.5536723163841808,1.3333333333333333,0.3147256013548573,111.41286287961947,1.7513938285264994,0.5480225988700564,0.403954802259887,0.0480225988700565,210.0,0.0053754381234834,0.9836065573770492,437.5,407.5,0.004031578592612489,1.3333333333333333,0.5145348837209338,1.0435097897026848,0.0
p90,0.9,MNQ,weekday,30,0.75,24,354,0.5649717514124294,1.3333333333333333,0.32088940821440776,113.59485050790035,1.7742774988698011,0.5480225988700564,0.403954802259887,0.0480225988700565,210.0,0.0053754381234834,0.9836065573770492,437.5,407.5,0.004031578592612489,1.3333333333333333,0.5145348837209338,1.0435097897026848,0.0
p90,0.9,MNQ,weekday,30,1.0,12,354,0.6581920903954802,1.0,0.3595138182176968,127.26789164906467,2.217898469673813,0.652542372881356,0.268361581920904,0.07909604519774012,210.0,0.0053754381234834,0.9836065573770492,437.5,407.5,0.005375438123483319,1.0,0.5145348837209338,1.0631672275902129,0.0
p90,0.9,MNQ,weekday,30,1.0,24,354,0.6694915254237288,1.0,0.3661656551912734,129.6226419377108,2.263297609341281,0.652542372881356,0.268361581920904,0.07909604519774012,210.0,0.0053754381234834,0.9836065573770492,437.5,407.5,0.005375438123483319,1.0,0.5145348837209338,1.0631672275902129,0.0
p90,0.9,MNQ,weekday,60,0.75,12,300,0.6333333333333333,1.3333333333333333,0.4964468484724719,148.93405454174157,2.4934747977101477,0.62,0.31666666666666665,0.06333333333333334,180.0,0.005965432735715259,1.0,464.5,404.5,0.00447407455178646,1.3333333333333333,0.44787644787646186,1.0366666666666713,0.0
p90,0.9,MNQ,weekday,60,0.75,24,300,0.6466666666666666,1.3333333333333333,0.5039751863779823,151.1925559133947,2.5344199078310967,0.62,0.31666666666666665,0.06333333333333334,180.0,0.005965432735715259,1.0,464.5,404.5,0.00447407455178646,1.3333333333333333,0.44787644787646186,1.0366666666666713,0.0
p90,0.9,MNQ,weekday,60,1.0,12,300,0.6833333333333333,1.0,0.4047233560682097,121.41700682046292,2.5392711612807926,0.6633333333333333,0.23666666666666666,0.1,185.0,0.005965432735715259,1.0,464.5,404.5,0.00596543273571528,1.0,0.44787644787646186,1.058355437665758,0.0
p90,0.9,MNQ,weekday,60,1.0,24,300,0.7066666666666667,1.0,0.4191157067233793,125.73471201701378,2.6247268239762516,0.67,0.23666666666666666,0.09333333333333334,185.0,0.005965432735715259,1.0,464.5,404.5,0.00596543273571528,1.0,0.44787644787646186,1.060308515014389,0.0
p90,0.9,MNQ,weekday,90,0.75,12,287,0.6132404181184669,1.3333333333333333,0.423722977932434,121.60849466660856,2.1672758196069095,0.5853658536585366,0.32752613240418116,0.08710801393728224,150.0,0.006304801670146132,0.9692307692307692,484.0,394.0,0.0047286012526095746,1.3333333333333333,0.4160919540229738,1.036912751677858,0.0
p90,0.9,MNQ,weekday,90,0.75,24,287,0.6062717770034843,1.3333333333333333,0.4368219964369157,125.36791297739481,2.2304504234926674,0.5853658536585366,0.32752613240418116,0.08710801393728224,150.0,0.006304801670146132,0.9692307692307692,484.0,394.0,0.0047286012526095746,1.3333333333333333,0.4160919540229738,1.036912751677858,0.0
p90,0.9,MNQ,weekday,90,1.0,12,287,0.6759581881533101,1.0,0.37361027953229986,107.22615022577006,2.3383809903150765,0.6480836236933798,0.24738675958188153,0.10452961672473868,150.0,0.006304801670146132,0.9692307692307692,484.0,394.0,0.0063048016701461,1.0,0.4160919540229738,1.0503355704698008,0.0
p90,0.9,MNQ,weekday,90,1.0,24,287,0.6794425087108014,1.0,0.39119092410122347,112.27179521705114,2.453688148709385,0.6480836236933798,0.24738675958188153,0.10452961672473868,150.0,0.006304801670146132,0.9692307692307692,484.0,394.0,0.0063048016701461,1.0,0.4160919540229738,1.0503355704698008,0.0
p90,0.9,MNQ,weekend,30,0.75,12,648,0.5154320987654321,1.3333333333333333,0.2526190795262105,163.6971635329844,1.5812362937936162,0.5154320987654321,0.4182098765432099,0.06635802469135803,210.0,0.0062820723534029455,1.0,1864.5,1834.5,0.004711554265052239,1.3333333333333333,0.6399506781750991,1.0197287299630118,1.0
p90,0.9,MNQ,weekend,30,0.75,24,648,0.5617283950617284,1.3333333333333333,0.273751461584583,177.3909471068098,1.6424015509408196,0.5154320987654321,0.4182098765432099,0.06635802469135803,210.0,0.0062820723534029455,1.0,1864.5,1834.5,0.004711554265052239,1.3333333333333333,0.6399506781750991,1.0197287299630118,1.0
p90,0.9,MNQ,weekend,30,1.0,12,648,0.7067901234567902,1.0,0.4536032249402126,293.93488976125775,2.9206929638527837,0.6867283950617284,0.2052469135802469,0.10802469135802469,215.0,0.0062820723534029455,1.0,1864.5,1834.5,0.006282072353402985,1.0,0.6399506781750991,1.032812500000006,1.0
p90,0.9,MNQ,weekend,30,1.0,24,648,0.7530864197530864,1.0,0.489327779621462,317.08440119470737,3.1561319359851843,0.7067901234567902,0.2052469135802469,0.08796296296296297,215.0,0.0062820723534029455,1.0,1864.5,1834.5,0.006282072353402985,1.0,0.6399506781750991,1.0435097897026848,1.0
p90,0.9,MNQ,weekend,60,0.75,12,547,0.623400365630713,1.3333333333333333,0.5186006610112252,283.6745615731402,2.658992158836693,0.623400365630713,0.2979890310786106,0.07861060329067641,180.0,0.008865450864503965,1.0,1907.0,1847.0,0.0066490881483780104,1.3333333333333333,0.45275805570726624,1.0233463035019692,1.0
p90,0.9,MNQ,weekend,60,0.75,24,547,0.6782449725776966,1.3333333333333333,0.5413027536191422,296.09260622967076,2.77290683327302,0.623400365630713,0.2979890310786106,0.07861060329067641,180.0,0.008865450864503965,1.0,1907.0,1847.0,0.0066490881483780104,1.3333333333333333,0.45275805570726624,1.0233463035019692,1.0
p90,0.9,MNQ,weekend,60,1.0,12,547,0.6837294332723949,1.0,0.429801814582535,235.10159257664665,2.852971947271555,0.659963436928702,0.19926873857404023,0.14076782449725778,185.0,0.008865450864503965,1.0,1907.0,1847.0,0.008865450864504014,1.0,0.45275805570726624,1.0443458980044364,1.0
p90,0.9,MNQ,weekend,60,1.0,24,547,0.7385740402193784,1.0,0.4660538876237255,254.93147653017786,3.033023561653656,0.6837294332723949,0.19926873857404023,0.1170018281535649,185.0,0.008865450864503965,1.0,1907.0,1847.0,0.008865450864504014,1.0,0.45275805570726624,1.0611764705882332,1.0
p90,0.9,MNQ,weekend,90,0.75,12,459,0.5337690631808278,0.2042042042041919,0.231783571428072,106.38865928548505,1.5381442660793392,0.49019607843137253,0.38562091503267976,0.12418300653594772,150.0,0.008406846714629768,0.9661016949152542,1937.0,1847.0,0.006305135035972349,1.3333333333333333,0.5777777777777922,1.0152963671128132,1.0
p90,0.9,MNQ,weekend,90,0.75,24,459,0.5555555555555556,0.6128521684077229,0.2718316877917881,124.77074469643074,1.651517389181775,0.49019607843137253,0.38562091503267976,0.12418300653594772,150.0,0.008406846714629768,0.9661016949152542,1937.0,1847.0,0.006305135035972349,1.3333333333333333,0.5777777777777922,1.0152963671128132,1.0
p90,0.9,MNQ,weekend,90,1.0,12,459,0.664488017429194,1.0,0.3494985483652453,160.4198336996476,2.376464665426863,0.5925925925925926,0.19172113289760348,0.21568627450980393,155.0,0.008406846714629768,0.9661016949152542,1937.0,1847.0,0.008406846714629799,1.0,0.5777777777777922,1.0398481973434606,1.0
p90,0.9,MNQ,weekend,90,1.0,24,459,0.6862745098039216,1.0,0.4071360529761211,186.87544831603958,2.693731769706642,0.6209150326797386,0.19172113289760348,0.18736383442265794,155.0,0.008406846714629768,0.9661016949152542,1937.0,1847.0,0.008406846714629799,1.0,0.5777777777777922,1.0398481973434606,1.0
