threshold_label,min_entry_abs_ret_slot_percentile,futures_symbol,entry_window_minutes,stop_units,time_stop_hours,trade_count,win_rate,median_r,mean_r,total_r,profit_factor,target_rate,stop_rate,time_stop_rate,median_hold_minutes,median_entry_abs_return,median_entry_abs_ret_slot_percentile,median_event_to_entry_minutes,median_anchor_delay_minutes,median_risk_distance_abs_return,median_reward_to_target_r,median_max_adverse_units,median_max_favorable_units,weekend_trade_share
all,0.0,CL,30,0.75,12,1381,0.5235336712527154,0.1785216178521619,0.19846796518807544,274.0842599247322,1.4576403620381537,0.4569152787834902,0.4265025343953657,0.1165821868211441,120.0,0.007005708354955842,0.9298245614035088,878.0,848.0,0.00525428126621684,1.3333333333333333,0.555555555555503,0.8170515097690938,0.5481535119478639
all,0.0,CL,30,0.75,24,1380,0.5159420289855072,0.05031446540880683,0.1912251025703891,263.89064154713697,1.4263308978166274,0.4673913043478261,0.4289855072463768,0.1036231884057971,120.0,0.007005708354955842,0.9298245614035088,878.5,848.5,0.00525428126621684,1.3333333333333333,0.5853658536585087,0.8571428571429731,0.5485507246376812
all,0.0,CL,30,1.0,12,1381,0.5966690803765388,1.0,0.18318979977223307,252.98511348545387,1.5339524904768291,0.5054308472121651,0.3287472845763939,0.165821868211441,155.0,0.007005708354955842,0.9298245614035088,878.0,848.0,0.007005708354955787,1.0,0.555555555555503,1.0,0.5481535119478639
all,0.0,CL,30,1.0,24,1380,0.5985507246376811,1.0,0.18894796808750097,260.74819596075133,1.5287376591018857,0.5173913043478261,0.3391304347826087,0.14347826086956522,155.0,0.007005708354955842,0.9298245614035088,878.5,848.5,0.007005708354955787,1.0,0.5853658536585087,1.0,0.5485507246376812
all,0.0,CL,60,0.75,12,1381,0.5278783490224475,0.12991452991452818,0.1311063759003954,181.05790511844603,1.294036411909126,0.40333091962346124,0.4388124547429399,0.15785662563359884,115.0,0.007226382866903025,0.8363636363636363,908.0,848.0,0.005419787150177347,1.3333333333333333,0.5882352941176077,0.7263157894736797,0.5481535119478639
all,0.0,CL,60,0.75,24,1380,0.5021739130434782,0.06247423894482853,0.11829195734963217,163.2429011424924,1.2477790842885954,0.4144927536231884,0.47246376811594204,0.11304347826086956,117.5,0.007226382866903025,0.8363636363636363,908.5,848.5,0.005419787150177347,1.3333333333333333,0.6000000000000042,0.7980392156862741,0.5485507246376812
all,0.0,CL,60,1.0,12,1381,0.5901520637219406,0.2568306010928958,0.10932276029943515,150.97473197351994,1.2909551983451468,0.4525706010137581,0.3613323678493845,0.18609703113685735,130.0,0.007226382866903025,0.8363636363636363,908.0,848.0,0.007226382866903129,1.0,0.5882352941176077,0.853333333333334,0.5481535119478639
all,0.0,CL,60,1.0,24,1380,0.5652173913043478,0.6222222222222273,0.0986959197357283,136.20036923530506,1.2422814328284215,0.4731884057971015,0.3847826086956522,0.14202898550724638,130.0,0.007226382866903025,0.8363636363636363,908.5,848.5,0.007226382866903129,1.0,0.6000000000000042,0.8995535714285678,0.5485507246376812
all,0.0,CL,90,0.75,12,1371,0.5251641137855579,0.08523592085235937,0.11966447046273929,164.05998900441557,1.2662832278915064,0.3887673231218089,0.43544857768052514,0.17578409919766594,120.0,0.0070372976776917895,0.7818181818181819,932.0,842.0,0.005277973258268825,1.3333333333333333,0.5511111111111151,0.7560975609756094,0.5426695842450766
all,0.0,CL,90,0.75,24,1370,0.5087591240875913,0.035874439461884934,0.11021581859110921,150.99567146981963,1.2271363231467125,0.40072992700729926,0.472992700729927,0.12627737226277372,120.0,0.0070372976776917895,0.7818181818181819,933.0,843.0,0.005277973258268825,1.3333333333333333,0.6290355125100955,0.820151679306608,0.5430656934306569
all,0.0,CL,90,1.0,12,1371,0.6265499635302699,0.586132177681475,0.19640474580128806,269.2709064935659,1.5961982685208045,0.4865061998541211,0.3136396790663749,0.199854121079504,145.0,0.0070372976776917895,0.7818181818181819,932.0,842.0,0.007037297677691767,1.0,0.5511111111111151,1.0,0.5426695842450766
all,0.0,CL,90,1.0,24,1370,0.6175182481751825,1.0,0.187248821928421,256.53088604193675,1.5095788112270627,0.5087591240875913,0.33065693430656934,0.16058394160583941,145.0,0.0070372976776917895,0.7818181818181819,933.0,843.0,0.007037297677691767,1.0,0.6290355125100955,1.0,0.5430656934306569
all,0.0,MES,30,0.75,12,1384,0.4869942196531792,-0.06614447345519671,0.15297927422100294,211.72331552186807,1.329976023863795,0.45447976878612717,0.4421965317919075,0.10332369942196531,210.0,0.0034386547017570823,0.9692307692307692,874.5,844.5,0.002578991026317872,1.3333333333333333,0.6666666666666893,0.9523809523808149,0.5469653179190751
all,0.0,MES,30,0.75,24,1383,0.4945770065075922,-0.005486968449926433,0.15610239659760608,215.8896144944892,1.3323012599063797,0.45480838756326825,0.4642082429501085,0.08098336948662328,210.0,0.0034386547017570823,0.9692307692307692,875.0,845.0,0.002578991026317872,1.3333333333333333,0.6703296703297088,0.9523809523808149,0.5473608098336948
all,0.0,MES,30,1.0,12,1384,0.5187861271676301,0.33746678476527525,0.07515075641792138,104.00864688240318,1.1799784121175148,0.48265895953757226,0.38511560693641617,0.13222543352601157,240.0,0.0034386547017570823,0.9692307692307692,874.5,844.5,0.0034386547017571626,1.0,0.6666666666666893,1.0,0.5469653179190751
all,0.0,MES,30,1.0,24,1383,0.5357917570498916,0.42072630646590037,0.08856972520729553,122.49192996168972,1.2141721340333345,0.4866232827187274,0.3940708604483008,0.1193058568329718,240.0,0.0034386547017570823,0.9692307692307692,875.0,845.0,0.0034386547017571626,1.0,0.6703296703297088,1.0,0.5473608098336948
all,0.0,MES,60,0.75,12,1380,0.4905797101449275,-0.061762034514062016,0.1519232211576352,209.6540451975366,1.3286313166470964,0.44782608695652176,0.4463768115942029,0.10579710144927536,180.0,0.0033630798731471012,0.9666574048346763,908.5,848.5,0.002522309904860336,1.3333333333333333,0.6568047337278416,0.9225806451612879,0.5485507246376812
all,0.0,MES,60,0.75,24,1379,0.4902102973168963,0.0,0.15709118463141494,216.6287436067212,1.3359281485869112,0.4503263234227701,0.4459753444525018,0.10369833212472807,180.0,0.0033630798731471012,0.9672131147540983,909.0,849.0,0.002522309904860336,1.3333333333333333,0.6601941747572505,0.9225806451612879,0.5489485134155185
all,0.0,MES,60,1.0,12,1380,0.5557971014492754,1.0,0.14151959871512268,195.2970462268693,1.368556856007109,0.5115942028985507,0.3572463768115942,0.13115942028985508,200.0,0.0033630798731471012,0.9666574048346763,908.5,848.5,0.0033630798731471147,1.0,0.6568047337278416,1.0,0.5485507246376812
all,0.0,MES,60,1.0,24,1379,0.564902102973169,1.0,0.1557099119256844,214.7239685455188,1.4110699540024558,0.5155910079767948,0.3567802755620014,0.12762871646120377,200.0,0.0033630798731471012,0.9672131147540983,909.0,849.0,0.0033630798731471147,1.0,0.6601941747572505,1.0020366598777986,0.5489485134155185
all,0.0,MES,90,0.75,12,1379,0.5119651921682379,0.09324009324011276,0.15898768749294415,219.24402105276997,1.344632190718203,0.4517766497461929,0.4423495286439449,0.10587382160986222,150.0,0.003399048266485405,0.9152542372881356,939.0,849.0,0.002549286199864038,1.3333333333333333,0.625498007968127,0.9559902200488846,0.5489485134155185
all,0.0,MES,90,0.75,24,1378,0.511611030478955,0.29215229215230387,0.17229851129279708,237.4273485614744,1.369345566404577,0.45428156748911463,0.44992743105950656,0.09579100145137881,150.0,0.003399048266485405,0.9152542372881356,939.5,849.5,0.002549286199864038,1.3333333333333333,0.6603773584905576,0.9559902200488846,0.5493468795355588
all,0.0,MES,90,1.0,12,1379,0.5678027556200145,1.0,0.12814930524320622,176.71789193038137,1.326143308400779,0.5076142131979695,0.36258158085569253,0.12980420594633793,165.0,0.003399048266485405,0.9152542372881356,939.0,849.0,0.003399048266485384,1.0,0.625498007968127,1.0020533880903473,0.5489485134155185
all,0.0,MES,90,1.0,24,1378,0.5769230769230769,1.0,0.14778144885225453,203.64283651840674,1.3811071912638897,0.5101596516690856,0.3621190130624093,0.12772133526850507,165.0,0.003399048266485405,0.9152542372881356,939.5,849.5,0.003399048266485384,1.0,0.6603773584905576,1.0020533880903473,0.5493468795355588
all,0.0,MNQ,30,0.75,12,1384,0.4949421965317919,-0.09090909090909091,0.18408720598212736,254.77669307926428,1.38784044820123,0.4934971098265896,0.46315028901734107,0.04335260115606936,210.0,0.004318975360328325,0.9830508474576272,874.5,844.5,0.0032392315202462484,1.3333333333333333,0.6596825396825463,1.0187683284457474,0.5469653179190751
all,0.0,MNQ,30,0.75,24,1383,0.519884309472162,0.602424242424232,0.19642260613258894,271.6524642813705,1.418668914037531,0.4938539407086045,0.462762111352133,0.04338394793926247,210.0,0.004318975360328325,0.9830508474576272,875.0,845.0,0.0032392315202462484,1.3333333333333333,0.6571428571428665,1.0187683284457474,0.5473608098336948
all,0.0,MNQ,30,1.0,12,1384,0.6358381502890174,1.0,0.30144709639474165,417.2027814103225,1.9260188207359146,0.625,0.3041907514450867,0.0708092485549133,210.0,0.004318975360328325,0.9830508474576272,874.5,844.5,0.0043189753603283315,1.0,0.6596825396825463,1.0311111111111333,0.5469653179190751
all,0.0,MNQ,30,1.0,24,1383,0.660882140274765,1.0,0.3208293876590153,443.70704313241816,2.0046160883173525,0.6348517715112075,0.3036876355748373,0.06146059291395517,210.0,0.004318975360328325,0.9830508474576272,875.0,845.0,0.0043189753603283315,1.0,0.6571428571428665,1.032812500000006,0.5473608098336948
all,0.0,MNQ,60,0.75,12,1384,0.5794797687861272,1.3333333333333333,0.38146094613309245,527.9419494481999,1.98365365236002,0.5765895953757225,0.3786127167630058,0.044797687861271675,180.0,0.004886117342864704,0.9838709677419355,904.5,844.5,0.00366458800714847,1.3333333333333333,0.4824030591708194,1.026146893513571,0.5469653179190751
all,0.0,MNQ,60,0.75,24,1383,0.6044830079537238,1.3333333333333333,0.39307194177612703,543.6184954763837,2.0246441481403377,0.5770065075921909,0.3781634128705712,0.04483007953723789,180.0,0.004886117342864704,0.9838709677419355,905.0,845.0,0.00366458800714847,1.3333333333333333,0.4785992217899022,1.026431718061649,0.5473608098336948
all,0.0,MNQ,60,1.0,12,1384,0.6539017341040463,1.0,0.340692629622189,471.5185993971096,2.1313975560064145,0.6401734104046243,0.282514450867052,0.0773121387283237,180.0,0.004886117342864704,0.9838709677419355,904.5,844.5,0.004886117342864626,1.0,0.4824030591708194,1.0451153324287592,0.5469653179190751
all,0.0,MNQ,60,1.0,24,1383,0.6811279826464208,1.0,0.35912233445205466,496.6661885471916,2.2032124366047503,0.6514822848879248,0.28199566160520606,0.06652205350686913,180.0,0.004886117342864704,0.9838709677419355,905.0,845.0,0.004886117342864626,1.0,0.4785992217899022,1.0517015706806296,0.5473608098336948
all,0.0,MNQ,90,0.75,12,1384,0.5715317919075145,1.3333333333333333,0.3275509301195391,453.33048728544213,1.7954884684844747,0.5513005780346821,0.38945086705202314,0.059248554913294796,150.0,0.004797282162323446,0.9193548387096774,934.5,844.5,0.003597961621742612,1.3333333333333333,0.5300751879699619,1.0253169064235872,0.5469653179190751
all,0.0,MNQ,90,0.75,24,1383,0.5777295733911786,1.3333333333333333,0.34452060087286634,476.47199100717415,1.8502419803493935,0.5516992046276211,0.38900939985538685,0.05929139551699204,150.0,0.004797282162323446,0.9193548387096774,935.0,845.0,0.003597961621742612,1.3333333333333333,0.5300751879699619,1.0254237288135362,0.5473608098336948
all,0.0,MNQ,90,1.0,12,1384,0.6835260115606936,1.0,0.37649895618062784,521.0745553539889,2.3441495786887914,0.6495664739884393,0.25289017341040465,0.09754335260115607,150.0,0.004797282162323446,0.9193548387096774,934.5,844.5,0.004797282162323483,1.0,0.5300751879699619,1.0540540540540657,0.5469653179190751
all,0.0,MNQ,90,1.0,24,1383,0.6919739696312365,1.0,0.4021310510000654,556.1472435330904,2.472980455713313,0.6637744034707158,0.25234996384671005,0.08387563268257411,150.0,0.004797282162323446,0.9193548387096774,935.0,845.0,0.004797282162323483,1.0,0.5300751879699619,1.0608899297423853,0.5473608098336948
p80,0.8,CL,30,0.75,12,847,0.4946871310507674,-0.010582010582000916,0.11658905146564755,98.75092659140347,1.2676847663332182,0.3860684769775679,0.42384887839433294,0.19008264462809918,205.0,0.010765090349865503,0.9824561403508771,1002.0,972.0,0.00807381776239911,1.3333333333333333,0.46666666666669615,0.7301587301587286,0.5749704840613932
p80,0.8,CL,30,0.75,24,847,0.4817001180637544,-0.05797101449275601,0.10337344535278413,87.55730821380816,1.224516969814597,0.4025974025974026,0.42857142857142855,0.16883116883116883,205.0,0.010765090349865503,0.9824561403508771,1002.0,972.0,0.00807381776239911,1.3333333333333333,0.5454545454545366,0.7638888888889059,0.5749704840613932
p80,0.8,CL,30,1.0,12,847,0.5997638724911453,0.19580419580419567,0.1829812437844792,154.98511348545387,1.6058909397468182,0.4510035419126328,0.27863046044864226,0.27036599763872493,240.0,0.010765090349865503,0.9824561403508771,1002.0,972.0,0.01076509034986548,1.0,0.46666666666669615,0.8965517241379276,0.5749704840613932
p80,0.8,CL,30,1.0,24,847,0.602125147579693,0.5975877192982441,0.1909659928698363,161.74819596075133,1.5857209674857997,0.46989374262101535,0.29634002361275086,0.23376623376623376,240.0,0.010765090349865503,0.9824561403508771,1002.0,972.0,0.01076509034986548,1.0,0.5454545454545366,0.9662162162162135,0.5749704840613932
p80,0.8,CL,60,0.75,12,731,0.5800273597811217,0.12991452991452818,0.16332590759477514,119.39123845178062,1.440937262098192,0.3447332421340629,0.35704514363885087,0.2982216142270862,275.0,0.013895781637716986,0.9649122807017544,999.0,939.0,0.010421836228287752,1.3333333333333333,0.48663101604277775,0.743589743589744,0.5718194254445964
p80,0.8,CL,60,0.75,24,730,0.5315068493150685,0.3487179487179517,0.1391455266792151,101.57623447582702,1.3236722241012133,0.36575342465753424,0.42054794520547945,0.2136986301369863,275.0,0.013895781637716986,0.9649122807017544,1001.5,941.5,0.010421836228287752,1.3333333333333333,0.5000000000000111,0.8000000000000022,0.5726027397260274
p80,0.8,CL,60,1.0,12,731,0.6320109439124487,0.1555555555555516,0.1311403842167015,95.8636208624088,1.4320255630651344,0.3748290013679891,0.2763337893296854,0.3488372093023256,290.0,0.013895781637716986,0.9649122807017544,999.0,939.0,0.013895781637717002,1.0,0.48663101604277775,0.7980392156862741,0.5718194254445964
p80,0.8,CL,60,1.0,24,730,0.584931506849315,0.2994652406417117,0.1098635195004179,80.20036923530506,1.3024629266828498,0.410958904109589,0.32054794520547947,0.2684931506849315,290.0,0.013895781637716986,0.9649122807017544,1001.5,941.5,0.013895781637717002,1.0,0.5000000000000111,0.8472461273666125,0.5726027397260274
p80,0.8,CL,90,0.75,12,649,0.5269645608628659,0.08523592085235937,0.006976618276935421,4.527825261731088,1.0166396344221573,0.24191063174114022,0.3898305084745763,0.3682588597842835,260.0,0.015506856337305974,0.9649122807017544,1012.0,922.0,0.011630142252979562,1.3333333333333333,0.4628099173553762,0.7193932827735646,0.5454545454545454
p80,0.8,CL,90,0.75,24,648,0.49228395061728397,-0.21176470588234947,-0.013606780906251321,-8.817194027250856,0.9725132625080348,0.26697530864197533,0.4691358024691358,0.2638888888888889,260.0,0.015506856337305974,0.9649122807017544,1012.0,922.0,0.011630142252979562,1.3333333333333333,0.7030529953916871,0.8110091743119265,0.5462962962962963
p80,0.8,CL,90,1.0,12,649,0.6348228043143297,0.14146341463414266,0.15041877301471246,97.62178368654838,1.5526389811266668,0.3420647149460709,0.23882896764252695,0.41910631741140214,280.0,0.015506856337305974,0.9649122807017544,1012.0,922.0,0.015506856337306084,1.0,0.4628099173553762,0.7560975609756094,0.5454545454545454
p80,0.8,CL,90,1.0,24,648,0.6157407407407407,0.4272727272727257,0.130665489072731,84.6712369191297,1.370686312003015,0.3888888888888889,0.27469135802469136,0.33641975308641975,280.0,0.015506856337305974,0.9649122807017544,1012.0,922.0,0.015506856337306084,1.0,0.7030529953916871,0.864197530864181,0.5462962962962963
p80,0.8,MES,30,0.75,12,1117,0.5058191584601611,0.12544802867380545,0.2008862866504739,224.38998218857932,1.4639680298528996,0.4655326768128917,0.40644583706356313,0.12802148612354522,295.0,0.004100487037439926,0.9830508474576272,1075.0,1045.0,0.0030753652780800248,1.3333333333333333,0.6078184110970982,0.9530026109660413,0.5980304386750224
p80,0.8,MES,30,0.75,24,1117,0.5147717099373321,0.3620071684587865,0.20372093210492426,227.5562811612004,1.4618740313158745,0.4655326768128917,0.4341987466427932,0.10026857654431513,295.0,0.004100487037439926,0.9830508474576272,1075.0,1045.0,0.0030753652780800248,1.3333333333333333,0.6454545454544618,0.9530026109660413,0.5980304386750224
p80,0.8,MES,30,1.0,12,1117,0.5389435989256938,0.33746678476527525,0.12444820669865994,139.00864688240316,1.3256271596851432,0.4941808415398389,0.341987466427932,0.1638316920322292,300.0,0.004100487037439926,0.9830508474576272,1075.0,1045.0,0.004100487037440034,1.0,0.6078184110970982,1.0,0.5980304386750224
p80,0.8,MES,30,1.0,24,1117,0.5595344673231871,0.4306498545101871,0.1401002058743865,156.49192996168972,1.3708935866780494,0.4986571172784244,0.35362578334825423,0.1477170993733214,300.0,0.004100487037439926,0.9830508474576272,1075.0,1045.0,0.004100487037440034,1.0,0.6454545454544618,1.0,0.5980304386750224
p80,0.8,MES,60,0.75,12,1055,0.5127962085308057,0.21103117505994393,0.20599119607982289,217.32071186421314,1.4840522704223722,0.45687203791469194,0.404739336492891,0.13838862559241707,290.0,0.004530969174306287,0.9836065573770492,1128.0,1068.0,0.003398226880729788,1.3333333333333333,0.5772357723577713,0.96095444685465,0.6085308056872037
p80,0.8,MES,60,0.75,24,1055,0.5118483412322274,0.4666001994017947,0.21165441732075616,223.29541027339775,1.4887543867698652,0.4597156398104265,0.404739336492891,0.13554502369668248,290.0,0.004530969174306287,0.9836065573770492,1128.0,1068.0,0.003398226880729788,1.3333333333333333,0.5776566757493086,0.96095444685465,0.6085308056872037
p80,0.8,MES,60,1.0,12,1055,0.5706161137440758,1.0,0.18037634713447329,190.29704622686933,1.5144600314357113,0.5127962085308057,0.31563981042654027,0.17156398104265402,300.0,0.004530969174306287,0.9836065573770492,1128.0,1068.0,0.004530969174306384,1.0,0.5772357723577713,1.0020366598777986,0.6085308056872037
p80,0.8,MES,60,1.0,24,1055,0.5819905213270142,1.0,0.1978426242137619,208.7239685455188,1.5744372184292739,0.5175355450236967,0.31563981042654027,0.16682464454976303,300.0,0.004530969174306287,0.9836065573770492,1128.0,1068.0,0.004530969174306384,1.0,0.5776566757493086,1.0020366598777986,0.6085308056872037
p80,0.8,MES,90,0.75,12,966,0.531055900621118,0.09324009324011276,0.1883133413244641,181.9106877194323,1.4371086313125745,0.4451345755693582,0.40372670807453415,0.15113871635610765,265.0,0.004864720778355203,0.9661016949152542,1152.0,1062.0,0.0036485405837664423,1.3333333333333333,0.5582329317269001,0.9359361518550389,0.6159420289855072
p80,0.8,MES,90,0.75,24,966,0.5300207039337475,0.5813715455475945,0.206101465039479,199.0940152281367,1.4697468846160244,0.44824016563146996,0.41511387163561075,0.13664596273291926,265.0,0.004864720778355203,0.9661016949152542,1152.0,1062.0,0.0036485405837664423,1.3333333333333333,0.5759162303664793,0.9529379259532262,0.6159420289855072
p80,0.8,MES,90,1.0,12,966,0.567287784679089,0.46950354609929035,0.12393156514532234,119.71789193038138,1.3290388265652644,0.4813664596273292,0.3333333333333333,0.18530020703933747,265.0,0.004864720778355203,0.9661016949152542,1152.0,1062.0,0.0048647207783552564,1.0,0.5582329317269001,0.9795221843003405,0.6159420289855072
p80,0.8,MES,90,1.0,24,966,0.5797101449275363,0.6042553191489339,0.15076898190311264,145.6428365184068,1.4075689156767308,0.484472049689441,0.3333333333333333,0.18219461697722567,265.0,0.004864720778355203,0.9661016949152542,1152.0,1062.0,0.0048647207783552564,1.0,0.5759162303664793,1.0,0.6159420289855072
p80,0.8,MNQ,30,0.75,12,1112,0.5296762589928058,1.3333333333333333,0.2722811988122934,302.7766930792703,1.6295897452389356,0.5278776978417267,0.4181654676258993,0.0539568345323741,210.0,0.005874673629242766,0.9833287024173382,1089.5,1059.5,0.004406005221932143,1.3333333333333333,0.5857359635811829,1.0198675496688938,0.6070143884892086
p80,0.8,MNQ,30,0.75,24,1112,0.560251798561151,1.3333333333333333,0.28655797147605805,318.6524642813765,1.6724783087250004,0.5278776978417267,0.4181654676258993,0.0539568345323741,210.0,0.005874673629242766,0.9833287024173382,1089.5,1059.5,0.004406005221932143,1.3333333333333333,0.5857359635811829,1.0198675496688938,0.6070143884892086
p80,0.8,MNQ,30,1.0,12,1112,0.6879496402877698,1.0,0.41295214155604537,459.2027814103225,2.5643948872298674,0.6744604316546763,0.23741007194244604,0.08812949640287769,210.0,0.005874673629242766,0.9833287024173382,1089.5,1059.5,0.005874673629242857,1.0,0.5857359635811829,1.0435097897026848,0.6070143884892086
p80,0.8,MNQ,30,1.0,24,1112,0.7185251798561151,1.0,0.4358876287162034,484.70704313241816,2.696747959773365,0.6861510791366906,0.23741007194244604,0.0764388489208633,210.0,0.005874673629242766,0.9833287024173382,1089.5,1059.5,0.005874673629242857,1.0,0.5857359635811829,1.0435097897026848,0.6070143884892086
p80,0.8,MNQ,60,0.75,12,1063,0.625587958607714,1.3333333333333333,0.4979071333786898,529.2752827815473,2.5005737111287183,0.6218250235183443,0.3198494825964252,0.05832549388523048,180.0,0.005828751287182632,1.0,1081.0,1021.0,0.0043715634653869314,1.3333333333333333,0.45275805570726624,1.0258620689654931,0.5888993414863594
p80,0.8,MNQ,60,0.75,24,1063,0.6575729068673566,1.3333333333333333,0.5117138558887404,543.9518288097311,2.5651321890122727,0.6218250235183443,0.3198494825964252,0.05832549388523048,180.0,0.005828751287182632,1.0,1081.0,1021.0,0.0043715634653869314,1.3333333333333333,0.45275805570726624,1.0258620689654931,0.5888993414863594
p80,0.8,MNQ,60,1.0,12,1063,0.6980244590780809,1.0,0.4388698018787484,466.51859939710954,2.8029170503570167,0.6801505174035748,0.21919096895578552,0.1006585136406397,180.0,0.005828751287182632,1.0,1081.0,1021.0,0.0058287512871825755,1.0,0.45275805570726624,1.045454545454579,0.5888993414863594
p80,0.8,MNQ,60,1.0,24,1063,0.7328316086547507,1.0,0.46158625451288016,490.6661885471916,2.9182874262582734,0.6942615239887112,0.21919096895578552,0.08654750705550329,180.0,0.005828751287182632,1.0,1081.0,1021.0,0.0058287512871825755,1.0,0.45275805570726624,1.0566502463054233,0.5888993414863594
p80,0.8,MNQ,90,0.75,12,1013,0.5972359328726555,1.3333333333333333,0.3853213102521476,390.33048728542553,2.0141697424870877,0.5695952615992103,0.34945705824284307,0.08094768015794669,150.0,0.006214357439230156,0.9538461538461539,1131.0,1041.0,0.004660768079422643,1.3333333333333333,0.5,1.0252100840336382,0.6031589338598223
p80,0.8,MNQ,90,0.75,24,1013,0.6051332675222113,1.3333333333333333,0.40717866831901034,412.4719910071575,2.0958465727125435,0.5695952615992103,0.34945705824284307,0.08094768015794669,150.0,0.006214357439230156,0.9538461538461539,1131.0,1041.0,0.004660768079422643,1.3333333333333333,0.5,1.0252100840336382,0.6031589338598223
p80,0.8,MNQ,90,1.0,12,1013,0.702862783810464,1.0,0.4211707639935018,426.6459839254173,2.7020826893326433,0.6623889437314906,0.2102665350444225,0.12734452122408688,150.0,0.006214357439230156,0.9538461538461539,1131.0,1041.0,0.006214357439230191,1.0,0.5,1.0503355704698008,0.6031589338598223
p80,0.8,MNQ,90,1.0,24,1013,0.7137216189536032,1.0,0.4522677626190428,458.1472435330903,2.89657222507089,0.6752221125370188,0.2102665350444225,0.11451135241855874,150.0,0.006214357439230156,0.9538461538461539,1131.0,1041.0,0.006214357439230191,1.0,0.5,1.0503355704698008,0.6031589338598223
p90,0.9,CL,30,0.75,12,756,0.49074074074074076,-0.010582010582000916,0.10284514099391957,77.7509265914032,1.2385674428405375,0.36904761904761907,0.41798941798941797,0.21296296296296297,210.0,0.011636363636363667,0.9836065573770492,1116.0,1086.0,0.008727272727272696,1.3333333333333333,0.46666666666669615,0.7301587301587286,0.6216931216931217
p90,0.9,CL,30,0.75,24,756,0.47619047619047616,-0.05797101449275601,0.0880387674785819,66.55730821380791,1.1918184164817134,0.38756613756613756,0.42328042328042326,0.18915343915343916,210.0,0.011636363636363667,0.9836065573770492,1116.0,1086.0,0.008727272727272696,1.3333333333333333,0.5555555555555446,0.7580645161290248,0.6216931216931217
p90,0.9,CL,30,1.0,12,756,0.5992063492063492,0.1563055062166956,0.18144219400878178,137.17029867063903,1.62407707582917,0.4351851851851852,0.26455026455026454,0.3002645502645503,285.0,0.011636363636363667,0.9836065573770492,1116.0,1086.0,0.011636363636363596,1.0,0.46666666666669615,0.8292574622016222,0.6216931216931217
p90,0.9,CL,30,1.0,24,756,0.6018518518518519,0.4615384615384597,0.1888203650274488,142.7481959607513,1.5944069337482005,0.4537037037037037,0.2843915343915344,0.2619047619047619,285.0,0.011636363636363667,0.9836065573770492,1116.0,1086.0,0.011636363636363596,1.0,0.5555555555555446,0.9100107933081498,0.6216931216931217
p90,0.9,CL,60,0.75,12,584,0.6352739726027398,0.1751633986928111,0.23989652702930472,140.09957178511397,1.7809691029943453,0.3407534246575342,0.2910958904109589,0.3681506849315068,300.0,0.015505396787197034,0.9830508474576272,1181.0,1121.0,0.011629047590397738,1.3333333333333333,0.4150943396226385,0.743589743589744,0.6541095890410958
p90,0.9,CL,60,0.75,24,583,0.5746140651801029,0.3487179487179517,0.21425311802600397,124.90956780916032,1.5682243653787853,0.3670668953687822,0.3653516295025729,0.26758147512864494,300.0,0.01588352084712119,0.9830508474576272,1187.0,1127.0,0.011912640635340862,1.3333333333333333,0.48663101604277775,0.8131868131868262,0.6552315608919382
p90,0.9,CL,60,1.0,12,584,0.6917808219178082,0.21153846153847283,0.21371838617992372,124.81153752907545,1.9203566050895577,0.3715753424657534,0.19863013698630136,0.4297945205479452,347.5,0.015505396787197034,0.9830508474576272,1181.0,1121.0,0.015505396787196984,1.0,0.4150943396226385,0.7980392156862741,0.6541095890410958
p90,0.9,CL,60,1.0,24,583,0.62778730703259,0.3529411764705913,0.18606044701906801,108.47324061211665,1.6054623948560385,0.41680960548885077,0.2538593481989708,0.3293310463121784,365.0,0.01588352084712119,0.9830508474576272,1187.0,1127.0,0.01588352084712115,1.0,0.48663101604277775,0.8571428571428616,0.6552315608919382
p90,0.9,CL,90,0.75,12,481,0.6278586278586279,0.15962441314554132,0.16387232165218177,78.82258671469943,1.531823057123515,0.25363825363825365,0.27234927234927236,0.47401247401247404,470.0,0.023563218390804663,0.9824561403508771,1226.0,1136.0,0.017672413793103456,1.3333333333333333,0.31707317073170477,0.7499999999999951,0.6382536382536382
p90,0.9,CL,90,0.75,24,480,0.58125,0.21978021978022086,0.14349359087460026,68.87692361980812,1.3572826265568645,0.2833333333333333,0.36666666666666664,0.35,470.0,0.023563218390804663,0.9824561403508771,1232.0,1142.0,0.017672413793103456,1.3333333333333333,0.45786516853932824,0.8146341463414654,0.6395833333333333
p90,0.9,CL,90,1.0,12,481,0.7089397089397089,0.28491620111731464,0.24847403433259765,119.51601051397947,2.3442363356768228,0.33264033264033266,0.14345114345114346,0.5239085239085239,720.0,0.023563218390804663,0.9824561403508771,1226.0,1136.0,0.023563218390804608,1.0,0.31707317073170477,0.7560975609756094,0.6382536382536382
p90,0.9,CL,90,1.0,24,480,0.6916666666666667,0.5731310942578559,0.24352901159220816,116.89392556425992,1.8891612160349125,0.39166666666666666,0.175,0.43333333333333335,1350.0,0.023563218390804663,0.9824561403508771,1232.0,1142.0,0.023563218390804608,1.0,0.45786516853932824,0.8353658536585391,0.6395833333333333
p90,0.9,MES,30,0.75,12,973,0.512846865364851,0.12544802867380545,0.2203391389399571,214.38998218857827,1.5285326575380134,0.46659815005138744,0.3864337101747174,0.14696813977389517,320.0,0.0044627469477351855,0.9836065573770492,1173.0,1143.0,0.0033470602108013484,1.3333333333333333,0.5713020372010688,0.9530026109660413,0.6361767728674204
p90,0.9,MES,30,0.75,24,973,0.5231243576567317,0.5609684086212005,0.22359330026844745,217.55628116119937,1.5246360394173697,0.46659815005138744,0.4182939362795478,0.11510791366906475,320.0,0.0044627469477351855,0.9836065573770492,1173.0,1143.0,0.0033470602108013484,1.3333333333333333,0.5999999999999536,0.9530026109660413,0.6361767728674204
p90,0.9,MES,30,1.0,12,973,0.5477903391572456,0.4599303135888669,0.14903252505899606,145.00864688240316,1.412079158750146,0.49640287769784175,0.31551901336073995,0.1880781089414183,330.0,0.0044627469477351855,0.9836065573770492,1173.0,1143.0,0.004462746947735131,1.0,0.5713020372010688,1.0,0.6361767728674204
p90,0.9,MES,30,1.0,24,973,0.5714285714285714,1.0,0.16700095576740978,162.49192996168972,1.4683680311857583,0.5015416238437821,0.328879753340185,0.1695786228160329,330.0,0.0044627469477351855,0.9836065573770492,1173.0,1143.0,0.004462746947735131,1.0,0.5999999999999536,1.0,0.6361767728674204
p90,0.9,MES,60,0.75,12,807,0.540272614622057,0.5439417576703066,0.2730120345281448,220.32071186421285,1.7200935172430818,0.46716232961586124,0.35192069392812886,0.1809169764560099,330.0,0.0059827527183216045,1.0,1137.0,1077.0,0.004487064538741266,1.3333333333333333,0.5343035343035326,0.9650655021834373,0.6084262701363073
p90,0.9,MES,60,0.75,24,807,0.5390334572490706,0.7363494539781605,0.2804156261132558,226.29541027339747,1.7209930067387869,0.4708798017348203,0.35192069392812886,0.1771995043370508,330.0,0.0059827527183216045,1.0,1137.0,1077.0,0.004487064538741266,1.3333333333333333,0.5573529411764857,1.0,0.6084262701363073
p90,0.9,MES,60,1.0,12,807,0.5923172242874845,1.0,0.23580798788955307,190.29704622686933,1.77389033217709,0.516728624535316,0.2589838909541512,0.22428748451053285,355.0,0.0059827527183216045,1.0,1137.0,1077.0,0.005982752718321688,1.0,0.5343035343035326,1.0020366598777986,0.6084262701363073
p90,0.9,MES,60,1.0,24,807,0.6071871127633209,1.0,0.25864184454215466,208.72396854551883,1.8720310042698511,0.5229244114002478,0.2589838909541512,0.218091697645601,355.0,0.0059827527183216045,1.0,1137.0,1077.0,0.005982752718321688,1.0,0.5573529411764857,1.0020366598777986,0.6084262701363073
p90,0.9,MES,90,0.75,12,779,0.5635430038510911,0.22132253711202185,0.2519178704143329,196.24402105276533,1.64731082432362,0.45699614890885754,0.355584082156611,0.18741976893453144,285.0,0.005603183427451142,0.9830508474576272,1166.0,1076.0,0.004202387570588328,1.3333333333333333,0.4912280701754366,0.9590443686006811,0.6071887034659821
p90,0.9,MES,90,0.75,24,779,0.5622593068035944,0.5883376849434196,0.2739760572034271,213.4273485614697,1.6866312922506121,0.46084724005134786,0.36970474967907574,0.16944801026957637,285.0,0.005603183427451142,0.9830508474576272,1166.0,1076.0,0.004202387570588328,1.3333333333333333,0.5031249999999972,0.9883040935672616,0.6071887034659821
p90,0.9,MES,90,1.0,12,779,0.582798459563543,0.46950354609929035,0.15239780735607367,118.71789193038138,1.438330202498629,0.4762516046213094,0.2939666238767651,0.22978177150192555,325.0,0.005603183427451142,0.9830508474576272,1166.0,1076.0,0.0056031834274511035,1.0,0.4912280701754366,0.9590443686006811,0.6071887034659821
p90,0.9,MES,90,1.0,24,779,0.5982028241335045,0.6042553191489339,0.18567758218023978,144.6428365184068,1.547173853355468,0.48010269576379977,0.2939666238767651,0.22593068035943517,325.0,0.005603183427451142,0.9830508474576272,1166.0,1076.0,0.0056031834274511035,1.0,0.5031249999999972,1.0,0.6071887034659821
p90,0.9,MNQ,30,0.75,12,1002,0.5289421157684631,1.3333333333333333,0.2745609046033971,275.1100264126039,1.6399230685789161,0.5269461077844312,0.41317365269461076,0.059880239520958084,210.0,0.0060735851706219535,1.0,1175.5,1145.5,0.004555188877966476,1.3333333333333333,0.5857359635811829,1.0254607333204668,0.6467065868263473
p90,0.9,MNQ,30,0.75,24,1002,0.562874251497006,1.3333333333333333,0.29040498763943123,290.9857976147101,1.6881570584155532,0.5269461077844312,0.41317365269461076,0.059880239520958084,210.0,0.0060735851706219535,1.0,1175.5,1145.5,0.004555188877966476,1.3333333333333333,0.5857359635811829,1.0254607333204668,0.6467065868263473
p90,0.9,MNQ,30,1.0,12,1002,0.689620758483034,1.0,0.420362057295731,421.2027814103225,2.635524252353857,0.6746506986027944,0.2275449101796407,0.09780439121756487,215.0,0.0060735851706219535,1.0,1175.5,1145.5,0.006073585170621968,1.0,0.5857359635811829,1.0435097897026848,0.6467065868263473
p90,0.9,MNQ,30,1.0,24,1002,0.7235528942115769,1.0,0.4458154123078026,446.70704313241816,2.78920234799039,0.687624750499002,0.2275449101796407,0.08483033932135728,215.0,0.0060735851706219535,1.0,1175.5,1145.5,0.006073585170621968,1.0,0.5857359635811829,1.045454545454579,0.6467065868263473
p90,0.9,MNQ,60,0.75,12,847,0.6269185360094451,1.3333333333333333,0.5107539741616077,432.6086161148818,2.598020657048243,0.6221959858323495,0.30460448642266824,0.07319952774498228,180.0,0.00723619389123098,1.0,1209.0,1149.0,0.005427145418423243,1.3333333333333333,0.45275805570726624,1.0253807106598751,0.6458087367178277
p90,0.9,MNQ,60,0.75,24,847,0.667060212514758,1.3333333333333333,0.5280816554227455,447.28516214306546,2.6844126429349515,0.6221959858323495,0.30460448642266824,0.07319952774498228,180.0,0.00723619389123098,1.0,1209.0,1149.0,0.005427145418423243,1.3333333333333333,0.45275805570726624,1.0253807106598751,0.6458087367178277
p90,0.9,MNQ,60,1.0,12,847,0.6835891381345927,1.0,0.42091924368017664,356.5185993971096,2.732711176891203,0.6611570247933884,0.21251475796930341,0.12632821723730814,185.0,0.00723619389123098,1.0,1209.0,1149.0,0.00723619389123099,1.0,0.45275805570726624,1.0517015706806296,0.6458087367178277
p90,0.9,MNQ,60,1.0,24,847,0.7272727272727273,1.0,0.44942879403446473,380.6661885471916,2.8772053451556414,0.6788665879574971,0.21251475796930341,0.10861865407319952,185.0,0.00723619389123098,1.0,1209.0,1149.0,0.00723619389123099,1.0,0.45275805570726624,1.0611764705882332,0.6458087367178277
p90,0.9,MNQ,90,0.75,12,746,0.564343163538874,1.3333333333333333,0.305626211732029,227.9971539520936,1.7552653691215856,0.5268096514745308,0.3632707774798928,0.10991957104557641,150.0,0.008108256177066675,0.9661016949152542,1125.5,1035.5,0.006081192132800006,1.3333333333333333,0.45588771418151675,1.0169941582580984,0.6152815013404825
p90,0.9,MNQ,90,0.75,24,746,0.5750670241286864,1.3333333333333333,0.335306511627112,250.13865767382555,1.852564016109442,0.5268096514745308,0.3632707774798928,0.10991957104557641,150.0,0.008108256177066675,0.9661016949152542,1125.5,1035.5,0.006081192132800006,1.3333333333333333,0.45588771418151675,1.0169941582580984,0.6152815013404825
p90,0.9,MNQ,90,1.0,12,746,0.6689008042895442,1.0,0.35877477737991637,267.6459839254176,2.360950041322759,0.613941018766756,0.2131367292225201,0.17292225201072386,150.0,0.008108256177066675,0.9661016949152542,1125.5,1035.5,0.008108256177066675,1.0,0.45588771418151675,1.0398481973434606,0.6152815013404825
p90,0.9,MNQ,90,1.0,24,746,0.6836461126005362,1.0,0.40100166693443795,299.1472435330907,2.5948911136441035,0.631367292225201,0.2131367292225201,0.1554959785522788,150.0,0.008108256177066675,0.9661016949152542,1125.5,1035.5,0.008108256177066675,1.0,0.45588771418151675,1.0503355704698008,0.6152815013404825
