threshold_label,min_entry_abs_ret_slot_percentile,futures_symbol,entry_window_minutes,stop_units,time_stop_hours,trade_count,win_rate,median_r,mean_r,total_r,profit_factor,target_rate,stop_rate,time_stop_rate,median_hold_minutes,median_entry_abs_return,median_entry_abs_ret_slot_percentile,median_event_to_entry_minutes,median_anchor_delay_minutes,median_risk_distance_abs_return,median_reward_to_target_r,median_max_adverse_units,median_max_favorable_units,weekend_trade_share,ranking_bucket
p90,0.9,MNQ,60,0.75,24,847,0.667060212514758,1.3333333333333333,0.5280816554227455,447.28516214306546,2.6844126429349515,0.6221959858323495,0.30460448642266824,0.07319952774498228,180.0,0.00723619389123098,1.0,1209.0,1149.0,0.005427145418423243,1.3333333333333333,0.45275805570726624,1.0253807106598751,0.6458087367178277,best
p80,0.8,MNQ,60,0.75,24,1063,0.6575729068673566,1.3333333333333333,0.5117138558887404,543.9518288097311,2.5651321890122727,0.6218250235183443,0.3198494825964252,0.05832549388523048,180.0,0.005828751287182632,1.0,1081.0,1021.0,0.0043715634653869314,1.3333333333333333,0.45275805570726624,1.0258620689654931,0.5888993414863594,best
p90,0.9,MNQ,60,0.75,12,847,0.6269185360094451,1.3333333333333333,0.5107539741616077,432.6086161148818,2.598020657048243,0.6221959858323495,0.30460448642266824,0.07319952774498228,180.0,0.00723619389123098,1.0,1209.0,1149.0,0.005427145418423243,1.3333333333333333,0.45275805570726624,1.0253807106598751,0.6458087367178277,best
p80,0.8,MNQ,60,0.75,12,1063,0.625587958607714,1.3333333333333333,0.4979071333786898,529.2752827815473,2.5005737111287183,0.6218250235183443,0.3198494825964252,0.05832549388523048,180.0,0.005828751287182632,1.0,1081.0,1021.0,0.0043715634653869314,1.3333333333333333,0.45275805570726624,1.0258620689654931,0.5888993414863594,best
p80,0.8,MNQ,60,1.0,24,1063,0.7328316086547507,1.0,0.46158625451288016,490.6661885471916,2.9182874262582734,0.6942615239887112,0.21919096895578552,0.08654750705550329,180.0,0.005828751287182632,1.0,1081.0,1021.0,0.0058287512871825755,1.0,0.45275805570726624,1.0566502463054233,0.5888993414863594,best
p80,0.8,MNQ,90,1.0,24,1013,0.7137216189536032,1.0,0.4522677626190428,458.1472435330903,2.89657222507089,0.6752221125370188,0.2102665350444225,0.11451135241855874,150.0,0.006214357439230156,0.9538461538461539,1131.0,1041.0,0.006214357439230191,1.0,0.5,1.0503355704698008,0.6031589338598223,best
p90,0.9,MNQ,60,1.0,24,847,0.7272727272727273,1.0,0.44942879403446473,380.6661885471916,2.8772053451556414,0.6788665879574971,0.21251475796930341,0.10861865407319952,185.0,0.00723619389123098,1.0,1209.0,1149.0,0.00723619389123099,1.0,0.45275805570726624,1.0611764705882332,0.6458087367178277,best
p90,0.9,MNQ,30,1.0,24,1002,0.7235528942115769,1.0,0.4458154123078026,446.70704313241816,2.78920234799039,0.687624750499002,0.2275449101796407,0.08483033932135728,215.0,0.0060735851706219535,1.0,1175.5,1145.5,0.006073585170621968,1.0,0.5857359635811829,1.045454545454579,0.6467065868263473,best
p80,0.8,MNQ,60,1.0,12,1063,0.6980244590780809,1.0,0.4388698018787484,466.51859939710954,2.8029170503570167,0.6801505174035748,0.21919096895578552,0.1006585136406397,180.0,0.005828751287182632,1.0,1081.0,1021.0,0.0058287512871825755,1.0,0.45275805570726624,1.045454545454579,0.5888993414863594,best
p80,0.8,MNQ,30,1.0,24,1112,0.7185251798561151,1.0,0.4358876287162034,484.70704313241816,2.696747959773365,0.6861510791366906,0.23741007194244604,0.0764388489208633,210.0,0.005874673629242766,0.9833287024173382,1089.5,1059.5,0.005874673629242857,1.0,0.5857359635811829,1.0435097897026848,0.6070143884892086,best
p80,0.8,MNQ,90,1.0,12,1013,0.702862783810464,1.0,0.4211707639935018,426.6459839254173,2.7020826893326433,0.6623889437314906,0.2102665350444225,0.12734452122408688,150.0,0.006214357439230156,0.9538461538461539,1131.0,1041.0,0.006214357439230191,1.0,0.5,1.0503355704698008,0.6031589338598223,best
p90,0.9,MNQ,60,1.0,12,847,0.6835891381345927,1.0,0.42091924368017664,356.5185993971096,2.732711176891203,0.6611570247933884,0.21251475796930341,0.12632821723730814,185.0,0.00723619389123098,1.0,1209.0,1149.0,0.00723619389123099,1.0,0.45275805570726624,1.0517015706806296,0.6458087367178277,best
p90,0.9,MNQ,30,1.0,12,1002,0.689620758483034,1.0,0.420362057295731,421.2027814103225,2.635524252353857,0.6746506986027944,0.2275449101796407,0.09780439121756487,215.0,0.0060735851706219535,1.0,1175.5,1145.5,0.006073585170621968,1.0,0.5857359635811829,1.0435097897026848,0.6467065868263473,best
p80,0.8,MNQ,30,1.0,12,1112,0.6879496402877698,1.0,0.41295214155604537,459.2027814103225,2.5643948872298674,0.6744604316546763,0.23741007194244604,0.08812949640287769,210.0,0.005874673629242766,0.9833287024173382,1089.5,1059.5,0.005874673629242857,1.0,0.5857359635811829,1.0435097897026848,0.6070143884892086,best
p80,0.8,MNQ,90,0.75,24,1013,0.6051332675222113,1.3333333333333333,0.40717866831901034,412.4719910071575,2.0958465727125435,0.5695952615992103,0.34945705824284307,0.08094768015794669,150.0,0.006214357439230156,0.9538461538461539,1131.0,1041.0,0.004660768079422643,1.3333333333333333,0.5,1.0252100840336382,0.6031589338598223,best
p90,0.9,MNQ,90,1.0,24,746,0.6836461126005362,1.0,0.40100166693443795,299.1472435330907,2.5948911136441035,0.631367292225201,0.2131367292225201,0.1554959785522788,150.0,0.008108256177066675,0.9661016949152542,1125.5,1035.5,0.008108256177066675,1.0,0.45588771418151675,1.0503355704698008,0.6152815013404825,best
p80,0.8,MNQ,90,0.75,12,1013,0.5972359328726555,1.3333333333333333,0.3853213102521476,390.33048728542553,2.0141697424870877,0.5695952615992103,0.34945705824284307,0.08094768015794669,150.0,0.006214357439230156,0.9538461538461539,1131.0,1041.0,0.004660768079422643,1.3333333333333333,0.5,1.0252100840336382,0.6031589338598223,best
p90,0.9,MNQ,90,1.0,12,746,0.6689008042895442,1.0,0.35877477737991637,267.6459839254176,2.360950041322759,0.613941018766756,0.2131367292225201,0.17292225201072386,150.0,0.008108256177066675,0.9661016949152542,1125.5,1035.5,0.008108256177066675,1.0,0.45588771418151675,1.0398481973434606,0.6152815013404825,best
p90,0.9,MNQ,90,0.75,24,746,0.5750670241286864,1.3333333333333333,0.335306511627112,250.13865767382555,1.852564016109442,0.5268096514745308,0.3632707774798928,0.10991957104557641,150.0,0.008108256177066675,0.9661016949152542,1125.5,1035.5,0.006081192132800006,1.3333333333333333,0.45588771418151675,1.0169941582580984,0.6152815013404825,best
p90,0.9,MNQ,90,0.75,12,746,0.564343163538874,1.3333333333333333,0.305626211732029,227.9971539520936,1.7552653691215856,0.5268096514745308,0.3632707774798928,0.10991957104557641,150.0,0.008108256177066675,0.9661016949152542,1125.5,1035.5,0.006081192132800006,1.3333333333333333,0.45588771418151675,1.0169941582580984,0.6152815013404825,best
p90,0.9,MNQ,30,0.75,24,1002,0.562874251497006,1.3333333333333333,0.29040498763943123,290.9857976147101,1.6881570584155532,0.5269461077844312,0.41317365269461076,0.059880239520958084,210.0,0.0060735851706219535,1.0,1175.5,1145.5,0.004555188877966476,1.3333333333333333,0.5857359635811829,1.0254607333204668,0.6467065868263473,best
p80,0.8,MNQ,30,0.75,24,1112,0.560251798561151,1.3333333333333333,0.28655797147605805,318.6524642813765,1.6724783087250004,0.5278776978417267,0.4181654676258993,0.0539568345323741,210.0,0.005874673629242766,0.9833287024173382,1089.5,1059.5,0.004406005221932143,1.3333333333333333,0.5857359635811829,1.0198675496688938,0.6070143884892086,best
p90,0.9,MES,60,0.75,24,807,0.5390334572490706,0.7363494539781605,0.2804156261132558,226.29541027339747,1.7209930067387869,0.4708798017348203,0.35192069392812886,0.1771995043370508,330.0,0.0059827527183216045,1.0,1137.0,1077.0,0.004487064538741266,1.3333333333333333,0.5573529411764857,1.0,0.6084262701363073,best
p90,0.9,MNQ,30,0.75,12,1002,0.5289421157684631,1.3333333333333333,0.2745609046033971,275.1100264126039,1.6399230685789161,0.5269461077844312,0.41317365269461076,0.059880239520958084,210.0,0.0060735851706219535,1.0,1175.5,1145.5,0.004555188877966476,1.3333333333333333,0.5857359635811829,1.0254607333204668,0.6467065868263473,best
p80,0.8,CL,90,0.75,24,648,0.49228395061728397,-0.21176470588234947,-0.013606780906251321,-8.817194027250856,0.9725132625080348,0.26697530864197533,0.4691358024691358,0.2638888888888889,260.0,0.015506856337305974,0.9649122807017544,1012.0,922.0,0.011630142252979562,1.3333333333333333,0.7030529953916871,0.8110091743119265,0.5462962962962963,worst
p80,0.8,CL,90,0.75,12,649,0.5269645608628659,0.08523592085235937,0.006976618276935421,4.527825261731088,1.0166396344221573,0.24191063174114022,0.3898305084745763,0.3682588597842835,260.0,0.015506856337305974,0.9649122807017544,1012.0,922.0,0.011630142252979562,1.3333333333333333,0.4628099173553762,0.7193932827735646,0.5454545454545454,worst
p90,0.9,CL,30,0.75,24,756,0.47619047619047616,-0.05797101449275601,0.0880387674785819,66.55730821380791,1.1918184164817134,0.38756613756613756,0.42328042328042326,0.18915343915343916,210.0,0.011636363636363667,0.9836065573770492,1116.0,1086.0,0.008727272727272696,1.3333333333333333,0.5555555555555446,0.7580645161290248,0.6216931216931217,worst
p90,0.9,CL,30,0.75,12,756,0.49074074074074076,-0.010582010582000916,0.10284514099391957,77.7509265914032,1.2385674428405375,0.36904761904761907,0.41798941798941797,0.21296296296296297,210.0,0.011636363636363667,0.9836065573770492,1116.0,1086.0,0.008727272727272696,1.3333333333333333,0.46666666666669615,0.7301587301587286,0.6216931216931217,worst
p80,0.8,CL,30,0.75,24,847,0.4817001180637544,-0.05797101449275601,0.10337344535278413,87.55730821380816,1.224516969814597,0.4025974025974026,0.42857142857142855,0.16883116883116883,205.0,0.010765090349865503,0.9824561403508771,1002.0,972.0,0.00807381776239911,1.3333333333333333,0.5454545454545366,0.7638888888889059,0.5749704840613932,worst
p80,0.8,CL,60,1.0,24,730,0.584931506849315,0.2994652406417117,0.1098635195004179,80.20036923530506,1.3024629266828498,0.410958904109589,0.32054794520547947,0.2684931506849315,290.0,0.013895781637716986,0.9649122807017544,1001.5,941.5,0.013895781637717002,1.0,0.5000000000000111,0.8472461273666125,0.5726027397260274,worst
p80,0.8,CL,30,0.75,12,847,0.4946871310507674,-0.010582010582000916,0.11658905146564755,98.75092659140347,1.2676847663332182,0.3860684769775679,0.42384887839433294,0.19008264462809918,205.0,0.010765090349865503,0.9824561403508771,1002.0,972.0,0.00807381776239911,1.3333333333333333,0.46666666666669615,0.7301587301587286,0.5749704840613932,worst
p80,0.8,MES,90,1.0,12,966,0.567287784679089,0.46950354609929035,0.12393156514532234,119.71789193038138,1.3290388265652644,0.4813664596273292,0.3333333333333333,0.18530020703933747,265.0,0.004864720778355203,0.9661016949152542,1152.0,1062.0,0.0048647207783552564,1.0,0.5582329317269001,0.9795221843003405,0.6159420289855072,worst
p80,0.8,MES,30,1.0,12,1117,0.5389435989256938,0.33746678476527525,0.12444820669865994,139.00864688240316,1.3256271596851432,0.4941808415398389,0.341987466427932,0.1638316920322292,300.0,0.004100487037439926,0.9830508474576272,1075.0,1045.0,0.004100487037440034,1.0,0.6078184110970982,1.0,0.5980304386750224,worst
p80,0.8,CL,90,1.0,24,648,0.6157407407407407,0.4272727272727257,0.130665489072731,84.6712369191297,1.370686312003015,0.3888888888888889,0.27469135802469136,0.33641975308641975,280.0,0.015506856337305974,0.9649122807017544,1012.0,922.0,0.015506856337306084,1.0,0.7030529953916871,0.864197530864181,0.5462962962962963,worst
p80,0.8,CL,60,1.0,12,731,0.6320109439124487,0.1555555555555516,0.1311403842167015,95.8636208624088,1.4320255630651344,0.3748290013679891,0.2763337893296854,0.3488372093023256,290.0,0.013895781637716986,0.9649122807017544,999.0,939.0,0.013895781637717002,1.0,0.48663101604277775,0.7980392156862741,0.5718194254445964,worst
p80,0.8,CL,60,0.75,24,730,0.5315068493150685,0.3487179487179517,0.1391455266792151,101.57623447582702,1.3236722241012133,0.36575342465753424,0.42054794520547945,0.2136986301369863,275.0,0.013895781637716986,0.9649122807017544,1001.5,941.5,0.010421836228287752,1.3333333333333333,0.5000000000000111,0.8000000000000022,0.5726027397260274,worst
p80,0.8,MES,30,1.0,24,1117,0.5595344673231871,0.4306498545101871,0.1401002058743865,156.49192996168972,1.3708935866780494,0.4986571172784244,0.35362578334825423,0.1477170993733214,300.0,0.004100487037439926,0.9830508474576272,1075.0,1045.0,0.004100487037440034,1.0,0.6454545454544618,1.0,0.5980304386750224,worst
p90,0.9,CL,90,0.75,24,480,0.58125,0.21978021978022086,0.14349359087460026,68.87692361980812,1.3572826265568645,0.2833333333333333,0.36666666666666664,0.35,470.0,0.023563218390804663,0.9824561403508771,1232.0,1142.0,0.017672413793103456,1.3333333333333333,0.45786516853932824,0.8146341463414654,0.6395833333333333,worst
p90,0.9,MES,30,1.0,12,973,0.5477903391572456,0.4599303135888669,0.14903252505899606,145.00864688240316,1.412079158750146,0.49640287769784175,0.31551901336073995,0.1880781089414183,330.0,0.0044627469477351855,0.9836065573770492,1173.0,1143.0,0.004462746947735131,1.0,0.5713020372010688,1.0,0.6361767728674204,worst
p80,0.8,CL,90,1.0,12,649,0.6348228043143297,0.14146341463414266,0.15041877301471246,97.62178368654838,1.5526389811266668,0.3420647149460709,0.23882896764252695,0.41910631741140214,280.0,0.015506856337305974,0.9649122807017544,1012.0,922.0,0.015506856337306084,1.0,0.4628099173553762,0.7560975609756094,0.5454545454545454,worst
p80,0.8,MES,90,1.0,24,966,0.5797101449275363,0.6042553191489339,0.15076898190311264,145.6428365184068,1.4075689156767308,0.484472049689441,0.3333333333333333,0.18219461697722567,265.0,0.004864720778355203,0.9661016949152542,1152.0,1062.0,0.0048647207783552564,1.0,0.5759162303664793,1.0,0.6159420289855072,worst
p90,0.9,MES,90,1.0,12,779,0.582798459563543,0.46950354609929035,0.15239780735607367,118.71789193038138,1.438330202498629,0.4762516046213094,0.2939666238767651,0.22978177150192555,325.0,0.005603183427451142,0.9830508474576272,1166.0,1076.0,0.0056031834274511035,1.0,0.4912280701754366,0.9590443686006811,0.6071887034659821,worst
p80,0.8,CL,60,0.75,12,731,0.5800273597811217,0.12991452991452818,0.16332590759477514,119.39123845178062,1.440937262098192,0.3447332421340629,0.35704514363885087,0.2982216142270862,275.0,0.013895781637716986,0.9649122807017544,999.0,939.0,0.010421836228287752,1.3333333333333333,0.48663101604277775,0.743589743589744,0.5718194254445964,worst
p90,0.9,CL,90,0.75,12,481,0.6278586278586279,0.15962441314554132,0.16387232165218177,78.82258671469943,1.531823057123515,0.25363825363825365,0.27234927234927236,0.47401247401247404,470.0,0.023563218390804663,0.9824561403508771,1226.0,1136.0,0.017672413793103456,1.3333333333333333,0.31707317073170477,0.7499999999999951,0.6382536382536382,worst
p90,0.9,MES,30,1.0,24,973,0.5714285714285714,1.0,0.16700095576740978,162.49192996168972,1.4683680311857583,0.5015416238437821,0.328879753340185,0.1695786228160329,330.0,0.0044627469477351855,0.9836065573770492,1173.0,1143.0,0.004462746947735131,1.0,0.5999999999999536,1.0,0.6361767728674204,worst
p80,0.8,MES,60,1.0,12,1055,0.5706161137440758,1.0,0.18037634713447329,190.29704622686933,1.5144600314357113,0.5127962085308057,0.31563981042654027,0.17156398104265402,300.0,0.004530969174306287,0.9836065573770492,1128.0,1068.0,0.004530969174306384,1.0,0.5772357723577713,1.0020366598777986,0.6085308056872037,worst
p90,0.9,CL,30,1.0,12,756,0.5992063492063492,0.1563055062166956,0.18144219400878178,137.17029867063903,1.62407707582917,0.4351851851851852,0.26455026455026454,0.3002645502645503,285.0,0.011636363636363667,0.9836065573770492,1116.0,1086.0,0.011636363636363596,1.0,0.46666666666669615,0.8292574622016222,0.6216931216931217,worst
p80,0.8,CL,30,1.0,12,847,0.5997638724911453,0.19580419580419567,0.1829812437844792,154.98511348545387,1.6058909397468182,0.4510035419126328,0.27863046044864226,0.27036599763872493,240.0,0.010765090349865503,0.9824561403508771,1002.0,972.0,0.01076509034986548,1.0,0.46666666666669615,0.8965517241379276,0.5749704840613932,worst
